time,ack,out,out_ready,clk,reset,in,in_ready                  10,0,                                                                                                                                                                                                                                                                                                                                                                                                                                                                                                 x,x,1,1,                                                                                                                                                                             0,0
                  30,0,                                                                                                                                                                                                                                                                                                                                                                                                                                                                                                 0,0,1,1,                                                                                                                                                                             0,0
                  50,0,                                                                                                                                                                                                                                                                                                                                                                                                                                                                                                 0,0,1,1,                                                                                                                                                                             0,0
                  70,0,                                                                                                                                                                                                                                                                                                                                                                                                                                                                                                 0,0,1,1,                                                                                                                                                                             0,0
                  90,0,                                                                                                                                                                                                                                                                                                                                                                                                                                                                                                 0,0,1,1,                                                                                                                                                                             0,0
                 110,0,                                                                                                                                                                                                                                                                                                                                                                                                                                                                                                 0,0,1,1,                                                                                                                                                                             0,0
                 130,1,                                                                                                                                                                                                                                                                                                                                                                                                                                                                                                 0,0,1,0,                                                                                                                                                                             0,1
                 150,0,                   2410312426921032588580116606028314112912093247945688951359675039065257391591803200669085024107346049663448766280888004787862416978794958324969612987890774651455213339381625224770782077917681499676845543137387820057597345857904599109461387122099507964997815641342300677629473355281617428411794163967785870370368969109221591943054232011562758450080579587850900993714892283476646631181515063804873375182260506246992837898705971012525843324401232986857004760339316736,0,1,0,                                                                                                                                                                             0,0
                 170,0,               79296868535573704187766661385090027605492026717545605104241134170172179832894414193779404054324520274438130308270592151469841627266605487312006051010097357649417361514671956542062791886736739259665977885553054296876954742107419976521207632528432221408055100997179182695184719464725702279025482988109189598238247901898389470271114644567507525632153124475538732046187122935952800296031694687735259070119202088817307111557572152024350095712582049945297206283898003128324,0,1,0,                                                                                                                                                                             0,0
                 190,0,22263985498389307589604276900708193269393061172772820077898885788134517602525170175195818094926512052975551889855050433749713936328104809005677886007760256920500026136906662425101286405631066992923248413336775314932438839415662110976075219643510608428211187475205704121382944399067162631824426848649300230229422614058001093821546094188897065274975833368318023470764682361090485816025075487141719160119168810958546321031518091194097479892648176558107173831605393466162551324244587110,0,1,0,                                                                                                                                                                             0,0
                 210,0, 1427674470494504701778126769611735370271860460031559464532970909279758614678563074217193817142723608814162081952868200360688206748585857794863171624452625114827373972765536559294685759213500115897795936959245299744952404323096120068108491093903897166258092221242850847395033670838394634291555541631130627785779447051891673665437291068885834101830156197077125649343150903044847323846836918483561764273730596375907307451410161802210163621493931756877860382257937963229319179488974755,0,1,0,                                                                                                                                                                             0,0
                 230,0,18410569227447118048000839675984360333065987343043995070766507036407736551625201647260307500467589478122226838528688702311257004414804712829878359174913661733343436288190200148342608349320137285921872305291982725291005948492047304884846782114218771711734478625837216076229301233266580485683734840418724081194004390605228791186002743499398723030717028844865206047066331676552522755237478565214518954533048041974679332006483911950153918270309422390426039258285731148020698251770851305,0,1,0,                                                                                                                                                                             0,0
                 250,0,11790685255313711704519525043063056176049939117537729340826230361943390879275444668573086447279903386386514744408384988007195928846755345527173381905042988604329952277456905142965975061531840495836697048400190444096490418265614127300692265859172013207936980014586140152544217612345291481055954879161321537976893880518810692933830932891230952856660783602006636719886385185819321849532283562677427846846484791693278713555538160784706609793551614377909762424184886860309699067683808162,0,1,0,                                                                                                                                                                             0,0
                 270,0, 2165557098954657830196612357103478504538147216310380853876115886440254220387715290882346180247141897254572048244471344627549110518572267802631895315353302276822492168893119536857570841947481793500150609247312822311198158559432939875703403255037780332787742355861978615602235272639532939314103733444644115850422696065773900242433381752320971399366030759226588310983425377636783977911673771558419736671099747393220848196830240775717012107218545622036044445600320827853366327768018549,0,1,0,                                                                                                                                                                             0,0
                 290,0,40137728858947599628008118160262660446786594314504651521632802569248404963955073127634372251138158980134210214589186199519757072479736475112948684175462994887178624374628237322324583876603769863946881634221781570449367923701480792068453046618233824123085578372677818568405875529262064118850908810681643475073801467116811781330043234195788502634660108731467903105924149382314310409261622934249686275855203739698496489595157447151768031431325232046562636237455248362804588916799809710,0,1,0,                                                                                                                                                                             0,0
                 310,0, 8438603747492974324959888453128702340406572343517545834468810677672172492547309726611771946308518373185193134207867955499342894760119794636342438833506580475818012297608601677234096479024825129884499882939935176217880330361703847745392755804748950349726885254387174871334800043618076874256091899301424315292011828683179770792520451306592713345543308673468567481528009019166596646166908740958498002542321083170875123471959095680801076595597799837492807852883461918628154776060916266,0,1,0,                                                                                                                                                                             0,0
                 330,0, 8648595727046290005959387323550849015883781732510894858495517980104817934395067471221362430722506848061458544928051210240238918424615385695202952478714609872704643471549751296677508048417683049901165351727038834447957513083491119269038925407786642194697587893879891751938862194791009106271290355675284787543890619000417712440189022911693538788950917905521039251638606495970419337001782597886568150843385122505557462381725585350540399672930919313825703975353244477390808409376031921,0,1,0,                                                                                                                                                                             0,0
                 350,0,20047418309961291357168979919315100054368017821717361722183685793074799218226753641768487109993179662546298137239224201982173067850295365753485247599492629480304467188313774964889814966983829253683325658081622487277460606915687780961641595124070048415640826704890770781160899777170360014058802777012462006599028279502884725366172741167395984176276245384303873354513896621083852267178951910341931118001146867190878997210448854263011280621679311681845140045565763885255638809735903886,0,1,0,                                                                                                                                                                             0,0
                 370,0,11209022023285235233706830879372101638314849339196142946004683925849890421689139726618278735448885433385394425129747650781777052398310401151811952487466290686537182483996605609978165827917843457759052955051585844083943791078669887382434426237600029907103288556281944512746043434650520670949005201223552910858347798907113229230876423582796679100540408933448846331681894794160163708235518889437310615697708493896709259964454481189724563577795343855763168587208073898738682532920912468,0,1,0,                                                                                                                                                                             0,0
                 390,0,17464408305587985189656515657102704447482897942854228501140564479392643788034149515169166195530875027970224725954105374274730746580043820078614191368650656942595653520721976511275036253037519241350624627131515496391376325438179165939693209780152939636854944030299940105815239885663034003126822781619473475128276257596153848293069951157475089884458989179753309914174948480954033204105032623723303538558804476566628164485405353001081752098805213073527482482786734056892687919578974303,0,1,0,                                                                                                                                                                             0,0
                 410,0,42034046374637731899478914858895039327882273846978029407005246420199400792720186566719127626534708796632684663380545193105837868259839709568230013209654590856800968863727218516082803826529459041609506051989127969913906014608891024782072669861725930918271226256756540138327004174225704866384501407095216149030800200498688376491999742678876232548850835784530452454228040014065332530675495893813126398875465491997267918125560738607885885253042882965920506716467856611690915826319910682,0,1,0,                                                                                                                                                                             0,0
                 430,0, 1203701154411615449615577659698243836459673937734327789857866764609138185690587126399466068787170925466223298185635771732574878385222836743623688942149162824106358992734322017262036065811974618465797747179988312142721023008630569802374937810629736814404174405125416787036139989231901128860443904927960362890535356130687855065063113223556036685769617439442054715033615317269382244901405615715724045269927634092694584462040049659511867394283353885029724052325964056529405311577830145,0,1,0,                                                                                                                                                                             0,0
                 450,0,  448324752020993241399391856927389196085810912244432834791051246439394319601784404723818792838530877557673581409718927620691574144030769394552317095557920885634355109042543288800367841113421706825557703776150591356886615675607829561910052816326601569139513322999215035459075340332006591444851319924834060498529198409403393746549373193309134239642639132771476557698930168856813072034276851905681308587880580399395085563463049709896772662084793888006011439053561178009942869700360277,0,1,0,                                                                                                                                                                             0,0
                 470,0,16188360620696445172254169050923800074358269895121123173236500577198436012358830193975604454466350688369719840422277503816424025581370897669087417334885615513069636729393162996123882673620546046191174040600742399566441023509930231682313835294420761863765672195667140619635999521282147766880569873409510750824142864919345065013203886924252481335078571755929469327938007085514700595071608743971073303144324855934804650738681077314426341790154090067567385333462715939352874560551523771,0,1,0,                                                                                                                                                                             0,0
                 490,0,43745436863488184091068140516910926559247691907857337615648037101606075760476650553240475570286938253222605041371201694121233582571146947524765593676111963063413650785325659158954721138200587727921374717253970300207309668000261831987390913174633322538729320718754853743308370988371877989466037159630610424326122608362472089972095503744143131675769275357535003074567897954631458546760836116787198213087167259764184218580930433892525043549656580651048625681569601680895456112242002324,0,1,0,                                                                                                                                                                             0,0
                 510,0,15564446528485888219083941545101597793572949932354788602798320872134573691266705864931170148974992581866852986951938752559669780946460623288338582524777475701795312034565719678242711954880667729450327783181073546187637781658837295082088569670159946627438607304866796813962217018247841494907856268758804807967688335662423239724731506859916541911979471197224306914208011911934063045801735182793698734156837308089154972665305254631759970616161265014729973699603802199138650055443448732,0,1,0,                                                                                                                                                                             0,0
                 530,0, 4533921466169607599803195732957619417843046076532719027467477268658479719560846136022829510874871422456251877528573515054784967886425111996427090032689392527013968626031261333379172279048472728543817165074306738066053910878960158114733590325833801389513888196916203844132845954677303506622261051900726017185814425681868020382799697784606411530764601626676183496771289400796882297773898181751146229551399230144051654578319366716306961723444825179269576367197486247642446927955157684,0,1,0,                                                                                                                                                                             0,0
                 550,0,35359388941479865186560727539086972000997847018556306888875232569441733184517029172178190464523655871431873042297816351001893803480845361700798875359518744327724215052138178911241415489196581307104225633591885751853445575621237312961331973366618224483377474143256987733910699569832296171780008742359590953305237839090516148936160751969647557727124516563102140082331351273179724783357688711589997332371922884235109805783602572408162565078057676149743474021378483011475794872545717697,0,1,0,                                                                                                                                                                             0,0
                 570,0, 5179810373505085689160025696696620802286783357916490889186770461611078111225106651925583051262024986474326430369080807385521790501086394490203089283675973677971681543700913023951928015686838630814617218610289823125532729563421579454450371745658580401877857322226231462771638837911061226692479753348556589399990026781100001491235557940586482801630167803770143521192847524603471256281273778072282684441778050323671701974107671042574920679557469748340168339112564744667849874694938233,0,1,0,                                                                                                                                                                             0,0
                 590,0, 2462941558292480990007492933574899556641443306360091721561783723830149947171873441179624435189512446623654610028244083671328046227602475757784489854023322529593050262452753507477811297086302194224428358150251047864993338727071092325344702269698156942168058207872033723650886664961594238396910986194745481704499277049731275053558643081599510730576526171145836092497805614996546089396337504628282894754753665005145179359925894265744066118794277758563120037368194868581577213285588104,0,1,0,                                                                                                                                                                             0,0
                 610,0,41882679368162662970103573317789497311070977104107571755549351241800273243132824795966758640307434394947814647198537166793058037847432015873444559799865926011487911505794461810143377267244047141793059082128509437840037138235186451755564101687400925672366133008122214848421285972904290437412088444810408952341533360528190160206224473771994908303743660637636371016060905930917210165709252837133793294822190905887687231573580743134066494385192034605325463439099915978846639794569388617,1,1,0,                                                                                                                                                                             0,0
                 630,0,41882679368162662970103573317789497311070977104107571755549351241800273243132824795966758640307434394947814647198537166793058037847432015873444559799865926011487911505794461810143377267244047141793059082128509437840037138235186451755564101687400925672366133008122214848421285972904290437412088444810408952341533360528190160206224473771994908303743660637636371016060905930917210165709252837133793294822190905887687231573580743134066494385192034605325463439099915978846639794569388617,1,1,0,                                                                                                                                                                             0,0
                 650,0,41882679368162662970103573317789497311070977104107571755549351241800273243132824795966758640307434394947814647198537166793058037847432015873444559799865926011487911505794461810143377267244047141793059082128509437840037138235186451755564101687400925672366133008122214848421285972904290437412088444810408952341533360528190160206224473771994908303743660637636371016060905930917210165709252837133793294822190905887687231573580743134066494385192034605325463439099915978846639794569388617,1,1,0,                                                                                                                                                                             0,0
                 670,0,41882679368162662970103573317789497311070977104107571755549351241800273243132824795966758640307434394947814647198537166793058037847432015873444559799865926011487911505794461810143377267244047141793059082128509437840037138235186451755564101687400925672366133008122214848421285972904290437412088444810408952341533360528190160206224473771994908303743660637636371016060905930917210165709252837133793294822190905887687231573580743134066494385192034605325463439099915978846639794569388617,1,1,0,                                                                                                                                                                             0,0
                 690,1,41882679368162662970103573317789497311070977104107571755549351241800273243132824795966758640307434394947814647198537166793058037847432015873444559799865926011487911505794461810143377267244047141793059082128509437840037138235186451755564101687400925672366133008122214848421285972904290437412088444810408952341533360528190160206224473771994908303743660637636371016060905930917210165709252837133793294822190905887687231573580743134066494385192034605325463439099915978846639794569388617,1,1,0,                                                                                                                                                                             0,1
                 710,0,30051028718755687387750662982454166021937548498736360817258239139346063249779826895767402679745102067189230541698309736003859565559941618505335408950296649473401381958679194764391548266325163590760643957619090529997620205147214402378561852608720152616804292381399528470371080106619400777022972339424293885788243988360565720515819641288150234603886633403578834086586868855842990360308166869082172046584030036317463452408095674140406766039485574135810104107276099407334136514076282616,0,1,0,                                                                                                                                                                             0,0
                 730,0,17919912147114113573470744590880392658434287136332056146537833383114123709073618190331528903080404675277604823671691859577444042443611652928091782300963962950753604610378727574524275549997711074239902986631246338417370883347137052986373394701142864003255908470271617707741270381375008921133077109747876005827931204253310948329014631315427751319611144081996225102354788381549110438353662620888888623416798232102265606539787789606351709538808624479671186855918820896167406517625497029,0,1,0,                                                                                                                                                                             0,0
                 750,0,33655257139887987176702527832352678048678343487267900696920658013308004429892993739671213076190623719397840289973076566510636536169550248435377582776379885467393140542525509670177337888118061130955186360707872433780700847716599246208160201055097066723554533116010609124826089900874825370285593873926338144888669917078407928230164681379728523149528364692913993789719531406832133443540282570313922526880180344595849989376347325020573500826520840255622395069039889124317097020528969200,0,1,0,                                                                                                                                                                             0,0
                 770,0,42025391193104930194616536254051190565666574774357170960745946919185753732593085013034898364244381333680738970647781658507228510958584745787403692835464496151970696891659060877133216710370277646041908249965710428782694522347700872773351271628069105950008011655928097817557466070391009704935911929148908849593998406212558383578396081490279379489228564408806589941163701371689786763504556755874866344184649488210682704183623756719848456330062422689475259206794439653744626556065819869,0,1,0,                                                                                                                                                                             0,0
                 790,0, 2463711039723943406401743607984699505669183624558578194462476199673678877720199479471106113445667553976064002612511593192572347765074199507209222585079296557945336795992147507963053055673024199560989089049079485480755280985302735405334409436255304835924056314669789124458619608944780475450386699141001996051909524640989641163118221993759295210547678251566801393650167668452338611742785580868322848057695598165767358255588982543635663450026949638319470955524534860408868558508158311,0,1,0,                                                                                                                                                                             0,0
                 810,0,18985579035672159392570487587265658309615718196109712342935068774084527511621369304686470017951207803788582726784465627898137291232937215337275692415044395581155374966006723463658408670692771623118773043745269777672493897544587205487695131990792395120171988598790018701239711243968642011995022355389735429530581365858931029900658607357386957666367863157467526499076650212189159631311453165967277639520738223274836857813012861643737332310311222024395060022429693399417239535372404207,0,1,0,                                                                                                                                                                             0,0
                 830,0,23730952731476615148684236382902435232914760002329532327961816417801252374081952673117773338832050624223523284657048253543097761774643205707203540120148763981785189697637208084539711136841217826395141561728980047617851374393990449293092113078799951825630702674425150030658679434138347172022943366588569924485923918873811443315714382877479243996490820320483857053127688253470949948992728182332086542120199859258489676878735811658126172480925446817301053367492088046426197893856306325,0,1,0,                                                                                                                                                                             0,0
                 850,0,  736132237908882614937289721807508198740445595371432614029553839410327802909563890623417133749404263413997756588399160422047779591555414157035692011312383634952543514440184598844090665766279228571586449550356734635767232393764727876994296115505068025904670588464547671425440709109710969798071449249452707421731455392320805194905839196520307573581189832352446241477344078553526645413360881081547421255609026560648605808833030569091107699210442429019021702671187983462809943899196777,0,1,0,                                                                                                                                                                             0,0
                 870,0,31818441929463154718351008490618109190712567397152435060579717658395012713007872413927873872741338853731246928499396519260133986226859986679722360151587725688611518206806063263087343925824387984924032679316561084538829264935401895356035894345821995191582860308736567898076593790601097152906522432331474902892381638460994272682561138276705673232856567740432866493013273241549217912579110700326000397733139381514088102703028332541127319663069384621957305665787811745515584871158835607,0,1,0,                                                                                                                                                                             0,0
                 890,0,31275444928497524528957201258813007231763438283563166139345248800243513133068620599939910437958787301302206894235612119401898457351231161925173215183479437528610038413748562877561043612613185601030774651978595121235709968844188590236858627332607899162829813229507357236709555916300742207363369765838167755234286606477186136282995647457416040688017646964363408320868156141676541430792149249037565424682850849883267343183980775862788510991404174650875957009921720399717449429725657717,0,1,0,                                                                                                                                                                             0,0
                 910,0, 1198487812460641410586754059380319408097343786790082802411222009131952320534315651231849606329830064105806112493239214396939504953537042515624517339664158442986838960413616612679110410325637663715910323273610930878198196559701895049472330935776021505208802681393556946170191969995845573880783562945510758682747060128614331778825070375278632233787932542784881611561050736582606076275649017622713193473407409544496428724997415798982445718522059507765594112176164842380285959614781819,0,1,0,                                                                                                                                                                             0,0
                 930,0, 8812764694957949586914788299956425508116368157707856395010968593740772262598467534057122311505219645094341608276268185838522593111955802604684545567477892698224484333965352396280248768604873719019301215909094180836265735424310786438955929391642051631739481342132665805192682489619290795165072069673309931322023839072458356560123196416037122853158615617222272032243335361841166364066300959648007837172587349042446744134890277195606879966052493633524845849610659296124590433804288856,0,1,0,                                                                                                                                                                             0,0
                 950,0,25112336989620205724224712516088601498804285939898281265613444119034420025367372071647946962450130918354467084295499429050428675454410474623275639958062292996990625516101588050385675216690945841816219208620803230824747142931894847458368126661827609122397761103763910626846041896545539505758046316332153575480561079042858189182257225569694946432016204714341280766972300911345937462608035365074541996756355585689754930491659665340159968902821547113122991697823896693507963021143643530,0,1,0,                                                                                                                                                                             0,0
                 970,0,28038096419545023458038720484141969005570054411011986286962483529771337141461290325777329875592993559713092854169513202761537830086605222948369695086817927333188917557204356124591409253904055411631054569645202382951003776820598317485653727476734446654693890358869850426404816782003815895330737435615115641839552016315140927959758187016494815407356125140107445286838101656756471499398845084505919368300939821973844601220437313845715162745970243464232588047289119439103104680933926451,0,1,0,                                                                                                                                                                             0,0
                 990,0,38679661683975748641916104968093489201870375985502139756433242687657225152525807779558597186421373200421909856852811687696553090753546743843544426479185997852707777073120168590712346368477467016817711029294220838829584060844852651431655910359058965562942253722838535888737088255943312128143190793834546538743229323314535121081205842372499326390071180835398851523368786889924316938531003767376904959488989998324817713299046657043552718252198511810345014307119507597323673364456896157,0,1,0,                                                                                                                                                                             0,0
                1010,0,25604734503006951204739078143490861570525963551202523777463264445260985497633485972039150250646238372562017141407337282570830414755261251054153737918220711797402842109051760338267889928835405892416056679496551779603441333968294651190327596692233575000991167290219606965365898080002547393166102127045842448206196471995257562339212846610459170349539611788847182304524243645195790866540264469775226738482493252040536437836163180692921103521232038887327151363703876363242483145720492870,0,1,0,                                                                                                                                                                             0,0
                1030,0,36770045025018037973376588000802344946419392481652864070052600450174294460758810603140202088942569227434736116899311740384338059783782631928808911104100786515308401176177622746261651230072463856319544879773572414384569020762180478310957047801506614174284205319380016044121411764741016175917225935383036428795989143731790572974980432638165298191938510638691377347674614947406866615297417915458985620017725187206408346575599387829631640025284178552879801751426130730870945007913051352,0,1,0,                                                                                                                                                                             0,0
                1050,0,39688777678049581119417604827182770722498190919400048122131458877583581233964528407036383426814760440156153625994317954023934176833114900412708301140196656013137329976696078076901628847580652020939739051309890906647689324293121449819953654031983472103562530053417374390827223763597631025779411751851591969335392975068660402216566254004894035683839185246777938520995894176519129649548271959883518115490858834501215883522885141006231160075766752305347797239252350736918249929944576322,0,1,0,                                                                                                                                                                             0,0
                1070,0,20490575653479421673798877466685347437821040942770711084247741573194055063211500825153369456024445695508622895495456970700124418685207599989625433145176916791019508025421210804089247684642816116999596935486137895238130877555063274085704134728999389601664542340759052074356175991156160400618272781133473939821258965918806417571377521093550634419723151236696047214172624396323395690185160054505773469677987520513593612270542151138270511997239289103448323687400922745224014625379749769,0,1,0,                                                                                                                                                                             0,0
                1090,0,42211686346737186296985590811742276226736650986233459231498804456974680343361480221384652707560787981680517697211552388296087303887935399240325764220388904771313807392128466501567227488680198963709298045260201941725093569130615620596819666982074895391862672290297195281523600664256806656812464937230262689125006022701549160429121420370341482637616520418834937178047929782881655899268823656941114228149934010104903490843131040106944328974793694047577415206199638590432043753932850194,0,1,0,                                                                                                                                                                             0,0
                1110,0,10042937879269214242171196603958569729994636192343422647467366202347135794719048768781264289719006790867350532639050414789445225494640241363952505327331627044251669934747838233135292100421315835792627961101489282682174301093357391457087952053553217647707586515021949766807125539978736720736027396007321349423288524180831917166347742358597279662175359419729402176235919946449880001243223705262578860710334178457308989845448736249962356805078429500916068026656566165642402579099880464,0,1,0,                                                                                                                                                                             0,0
                1130,0,36582248059908358159602441706983178499407898534980762041495347618020094318906430207914728031844326270723467593367770350328329961402618650202376325244987289847339628357471639093766028935555522656170829919574861589183335635017714089663862427646735224428250927538337004162330543779973331825534625233323308472859222066333073713971977447194978515576130082808914543575497859355175639805785411473040398823695124761797855803398948409106896009771846512846144490782995687822952487852909351148,0,1,0,                                                                                                                                                                             0,0
                1150,0,31665473100807138690213635748070287960656284752754106146085738310562408025104853694271904724512017970338389340624882003202465522138242752884502788188993096614921547399045421725086426129117646290183703652142649787752694776924424998145148508321306963568707619256105437007767165565111337999946774862948420557760936750390697762624952322382189464872987466763932900575508187489593453847946313108314023912359505299886394799976032570545622938745181519279758761364707616443229367316832777664,0,1,0,                                                                                                                                                                             0,0
                1170,1, 7878471550735130250931066431260102679954588000949858152814435148012195484242016332252937381466385773530361461586824508484429016554482232331908483387756921966809002188564617616846423098339313817393912192972253392301156953704068436523824499337003516046787394330396268662089917474111044580707570528887431489510960524384959474548570578377613095528900526813209115847688051423325429302006597346156468927235598156311877610414849395660268017322294097904501782001980252233741576050618384220,1,1,0,                                                                                                                                                                             0,1
                1190,0,22939825078937625565549223329741170083097415188151845831140848264097057643448573262950842954285838352895417419817615222444668740205377471588794302377517883355340319410358479120973111913070018956470386563093989140587137649149837393286262556879905477006897599443342871318095474676004735569589988110929934548786713304373627871182434939745417185361242459843766079528863577036281418243916816998517684674687392613152367282013565335442711098998266868954985660095750010557454545794456931728,0,1,0,                                                                                                                                                                             0,0
                1210,0,11854475672617772304061696181734461700712701652796369200635480091171712908543123810336522214663967162690190133926642039110255165821880099640271334264532571671984196912696418741710756721543498632247555577840394965644367099424898078396898793550810923385348446576726863729192595788955273660812117842113809022891282935799164136989617723248173653549683305775838528116068324285992442278952840560503797580722213356654308868423569828502145353829153370285997519646852907727947231491812816528,0,1,0,                                                                                                                                                                             0,0
                1230,0, 8833528555794795070291506395408678411044190347098615493794655355089440424976017156850513386014556084265195355376803614124685802151669004236510940456535779318402351581283221400586761913612884042661854843900392973437983875355598685674892144496624144504868747733137369611212478893410087484794734328112563685103526879040168523730395819652551123879498667268772913884370334438955539457452573810727228290175479466365732107545939764595883264935921335049742949507579270816222890041346630085,0,1,0,                                                                                                                                                                             0,0
                1250,0,40513997473884363092363777519102195338778761432004511127201825491778049916147811498228835909243654971894848836257081700171373954297479606409362654430201546513313731349218134232630424976633965339800576047042887346722825609554456029351507012732482435180493809942558372059123899953822283947058226569189191984445599595095636274066237684979736532046589426291362519809333104556328171641971957430974598383066892452739827444669581404180820900672457036251183464570041304542134224800161639760,0,1,0,                                                                                                                                                                             0,0
                1270,0,12934424558941633703419246756295630229664063867018672430198363081734428928066738314745187716827501196754767991169988192000378795723359071214353067103128477894382745317371350331279402337574874893144156286067709133808918636569283794329488005622291725348091628756411757407120183989904661675991082407647358394351998975352510334074508877028953639422878561288034821322478651501750142592641815968466509239232035235956689242138255305108552523323651381500834423953820930094371635407940911980,0,1,0,                                                                                                                                                                             0,0
                1290,0,40035341265034184145312214795847259908856642550645532721556240336289007512037723937012137520894193582427475644803383049938014928603172916642498442103518126355103367470588014934102916088516660785668924841707552339264102725166476791630159692209646947124966374992672172630208095728602454553281194191630529255377700661543599353441047536959719751482008351284463280164347315163372664117182537451903799450918279173362368992572545117831150726019549714327125758323695156919948653053761414378,0,1,0,                                                                                                                                                                             0,0
                1310,0,40581268236700883065155219442165136723843117743283712095834912027154750620720746841943953863294637477546901193905982241441242892780138171169638866465676888218520853240995836520658424035937395740301409979549711607782250170515308731595684228751930096638777882743369752017341964694185847084029425689932747331172373289743705533681138650983953740262159167962591827497842274818407343159539687373468227038016065146045686640690469599480165579665298184839234251176918427297419665419973731241,0,1,0,                                                                                                                                                                             0,0
                1330,0,17728888301363167868119908483554310556119504705441939428723732291326909453383684812808324792336099012783631676095061404883227915711319085648179137415250728594541143023202310612231005416189824299246738680746720153911434395994035165789544139726964711897470199376592296321891273347002050777035590203939627734430302931302996585641794934590100872151928705305594511990842377872388354945182747440058578773007100428913438754797511204263896295490437514876137428153821241084390210439909786878,0,1,0,                                                                                                                                                                             0,0
                1350,0,28692913854171956701712749507139877133837241395879192721082566656138758287095492250870366262182245310817062840959623313406867285481521671570131282291429780840597564052924001041392845825409993112572353783618296432840350431216438960103944238643461192537806674372617784998437836009021178262797290283226131139396290933065357894257270680020884910221875921842110382127014067006259330390964271846326279970179749981992471719174160561171197351816802817797218206397976549837511152546470123826,0,1,0,                                                                                                                                                                             0,0
                1370,0,43118014880388344040258503834771869641917877056398251641254592360176768282526261868586042791010507671572045574986003446479074098299975891223285277525896568515470822727064997650982580318241024860773635314474443125929644567217387371782211788307699289605629309197709006986101923882660572494083482021811564178454796679223037661593173101588443646255844072165500715379356314007051330802470373343819490563604390365854761717922534798850737719888845779738957304212057081311510581909045120772,0,1,0,                                                                                                                                                                             0,0
                1390,0,17597581053705168132944255402903967478886617342396254403541554762351562046280576696965373664046436860992029289939085872551171404036545531537847132322551015015130095196767437819733804870855798223776412836872667436629127626196965066874066539797046290298065967350490408300089808678947874568678919989717311092666889330566050740587245031818540870183733550020135654165369138725399324981200183639620601851208495999440562636103150120943954634104533715948736286343806012561619124754635430932,0,1,0,                                                                                                                                                                             0,0
                1410,0,  212126854798229043573247946482488042585826668809418222076352005044824334128811512136896496238753288790351524269550669247672656737637342014178465000725129999683620669116981600685640614627011957580652908802715916824028259729515740228376953050929596427675038368455866412135051842544055130492583037345310969083137287431678334000427138024023708598957968271252175215513981744908447915906775800209364051806712438592121272334333000878033255027117814875479369951786113690326764262961398624,0,1,0,                                                                                                                                                                             0,0
                1430,0,24845125258438107765777918429206979427429908437477827577827273488535209971354610003608646581532347323165466226661216829971728665674393780721172787701520310125578680941786159065164489943983389004528513156760562580182705623466402699789816364819626546015197984903406952442166597762174248361601977556073978416135305614519806662839031040036469602244615078772518732729173256755004197495501629077327227718576261777322962310365882432386117220371517035447002899066289167468967954710838391816,0,1,0,                                                                                                                                                                             0,0
                1450,0, 8938585343555732348576678242141255503654692512503827134901301545587088224505746839739878205390608757245705080868081086580770472532254951480261565240868364712620434661109403629113196281090657512859985485911239069466837252793670203359526907066816558428067725100336598514911813395552018279267348053435828836476028840723812633980304364493639962398850153252328290473009875190259249759933486392114445903184314885434145560564701811131049048164121358440421832592830850563206879158435404117,0,1,0,                                                                                                                                                                             0,0
                1470,0,23432340682770708843474212262645176817350081235640375054616360783069608097398006173924075105422118082887230176485126654511566723380096666714436325887826941494439486000794486850333698914710046522418558675729081683991470224296893078289120394145456729950773551057027700549430578294587259684925059506772528857444284559783674711875088854882385855884305496514580839364730198937854854398727482386202016226096589271053502507654344729763107457229692700782378747910836342056110966696290997076,0,1,0,                                                                                                                                                                             0,0
                1490,0,17145139791249504943697974332403860929211073217402160463365476359578298257148958898492061480969804715348132873238401296617578731129484274727717334094406276587054260274787447898056161409308537050090558140882655169672611747223198959994576177470919969193049812253966362040170554028564714946156111611611873664087622500242293268524866786266688859306011228106904005186598653478478180825304259991357943496168902293858093122422848698317615811153014085863722401597785509247345738957641398249,0,1,0,                                                                                                                                                                             0,0
                1510,0, 4776692191484142406658749544431790415612247009375075901083176009778369428225989753664943457861008401210851368367305522314358009234581419598736399926136078510798500482682462412976166107044193841549348696870519621445608955077741631156827611357124770424618397898012548558908432611179417161833240846908646013828907840484790105831893036600902651514874501919470798535200297171390435121009038501967412424190927093081259202906416805692669583192956566220413188135905493067097643800701830971,0,1,0,                                                                                                                                                                             0,0
                1530,0,12779890395364140781648231139672681177687309865411489061873992358392010167334064134311069849512221455427142138954128311664621458649802117702074708368440887217376583514733473488585146234080306415228997901820170566625032206617437548433052784872001697689071339487013683136577454572039440647610218656482395480709491920079751792142589231678816945192610158666124047485781171043965137590301755889467356131150900720321741485919791353885396697804116230634421174960874609036955081632697978706,0,1,0,                                                                                                                                                                             0,0
                1550,0,30507643687731207160446155532703865007523151952327973134270585421786886577323704449497293249757121837526002937334990982492500764124280061741312879993846189376874839318231475918845649371885121082313876085855547164003539037360780679547675109345709637713348767387667991615658093273512078256249114008864273803985661252854371054299041041225969438845442846608021215455180741056006731510015432431210822381499681656665243216672644092478349719201130766727936661113072900262678559317666305701,0,1,0,                                                                                                                                                                             0,0
                1570,0,30028938223749988880769200221155323758547630710147836456954511820588285909047635637224046794473466544220315797198522470930558237904900884864402711295046129586934713145985861086686217332228825214836657582653896632173244330098803004029621997898196347619825072406443410563342892916534896230417748352213436375448920272043592971986656244347845135613147860384544779353774660647047900870381170371326341146468505108333626226741458447287748173705605709171940267000570744160901318838660363116,0,1,0,                                                                                                                                                                             0,0
                1590,0,22089021527871599440078513903103886152163006619478137642780229928970138090190502554038430984391881910157506491794092757902677826499402088772987358793928245641338344123635470139755520194933613079883061172841383663291083348795447851523987478745020666594459588076248149446775066910907472792880569130348469273301106812306227444010895552548994948977405425075209715128287443766881332917498331628191134138525412744623502897543202423390463267492543519423065826912884227790599815073436682858,0,1,0,                                                                                                                                                                             0,0
                1610,0,28944108138443390762286989395465941825844419472192388972534644752831567202046951343656746363575356593775222831903723887963704396141675624938000579493468075345802811965887516306121254948295973633816141727278780054047365268807481700795579491281868271343795981020417700603216766640289570065339463731303599672487172865538763493226391907670602858739000771041871599722730003710817977339338144267647598360946736266385915676515585231549732157730093568540715166884028806285866450615569266035,0,1,0,                                                                                                                                                                             0,0
                1630,0,12086945643850392268625389070492068090263309290910619812236147710176814814972738882938063106391377268236403216372129979194013064061981701512852168740276081616562287551937576214939938214846398550520321127053968837598048280228538069388053409828628516870581160001593720845183143881304682704197333936239587451700462889073725093593560179804068915534450686769635642882821593142902227162707119297905498804730912076787438681529376395854010844222956917386643358510580194917292871932116403784,0,1,0,                                                                                                                                                                             0,0
