time,wr_addr,wr_data,wr_enable,rd_addr,rd_enable,rst_n,clk,data_in,rd_data,rd_ready,busy,addr,bank_addr,data_oe,data_out,clock_enable,cs_n,ras_n,cas_n,we_n,data_mask_low,data_mask_high
1,0,0,0,x,0,1,1,x,x,x,x,x,x,x,x,x,x,x,x,x,x,x
3,0,0,0,x,0,0,1,x,x,0,x,x,x,x,x,x,x,x,x,x,x,x
5,0,0,0,x,0,0,1,x,0,0,0,0,0,0,x,1,0,1,1,1,1,1
7,0,0,0,x,0,1,1,x,0,0,0,0,0,0,x,1,0,1,1,1,1,1
9,0,0,0,x,0,1,1,x,0,0,0,0,0,0,x,1,0,1,1,1,1,1
11,0,0,0,x,0,1,1,x,0,0,0,0,0,0,x,1,0,1,1,1,1,1
13,0,0,0,x,0,1,1,x,0,0,0,0,0,0,x,1,0,1,1,1,1,1
15,0,0,0,x,0,1,1,x,0,0,0,0,0,0,x,1,0,1,1,1,1,1
17,0,0,0,x,0,1,1,x,0,0,0,0,0,0,x,1,0,1,1,1,1,1
19,0,0,0,x,0,1,1,x,0,0,0,0,0,0,x,1,0,1,1,1,1,1
21,0,0,0,x,0,1,1,x,0,0,0,0,0,0,x,1,0,1,1,1,1,1
23,0,0,0,x,0,1,1,x,0,0,0,0,0,0,x,1,0,1,1,1,1,1
25,0,0,0,x,0,1,1,x,0,0,0,0,0,0,x,1,0,1,1,1,1,1
27,0,0,0,x,0,1,1,x,0,0,0,0,0,0,x,1,0,1,1,1,1,1
29,0,0,0,x,0,1,1,x,0,0,0,0,0,0,x,1,0,1,1,1,1,1
31,0,0,0,x,0,1,1,x,0,0,0,0,0,0,x,1,0,1,1,1,1,1
33,0,0,0,x,0,1,1,x,0,0,0,0,0,0,x,1,0,1,1,1,1,1
35,0,0,0,x,0,1,1,x,0,0,0,0,0,0,x,1,0,1,1,1,1,1
37,0,0,0,x,0,1,1,x,0,0,0,0,0,0,x,1,0,1,1,1,1,1
39,0,0,0,x,0,1,1,x,0,0,0,1024,0,0,x,1,0,0,1,0,1,1
41,0,0,0,x,0,1,1,x,0,0,0,0,0,0,x,1,0,1,1,1,1,1
43,0,0,0,x,0,1,1,x,0,0,0,0,0,0,x,1,0,0,0,1,1,1
45,0,0,0,x,0,1,1,x,0,0,0,0,0,0,x,1,0,1,1,1,1,1
47,0,0,0,x,0,1,1,x,0,0,0,0,0,0,x,1,0,1,1,1,1,1
49,0,0,0,x,0,1,1,x,0,0,0,0,0,0,x,1,0,1,1,1,1,1
51,0,0,0,x,0,1,1,x,0,0,0,0,0,0,x,1,0,1,1,1,1,1
53,0,0,0,x,0,1,1,x,0,0,0,0,0,0,x,1,0,1,1,1,1,1
55,0,0,0,x,0,1,1,x,0,0,0,0,0,0,x,1,0,1,1,1,1,1
57,0,0,0,x,0,1,1,x,0,0,0,0,0,0,x,1,0,1,1,1,1,1
59,0,0,0,x,0,1,1,x,0,0,0,0,0,0,x,1,0,1,1,1,1,1
61,0,0,0,x,0,1,1,x,0,0,0,0,0,0,x,1,0,0,0,1,1,1
63,0,0,0,x,0,1,1,x,0,0,0,0,0,0,x,1,0,1,1,1,1,1
65,0,0,0,x,0,1,1,x,0,0,0,0,0,0,x,1,0,1,1,1,1,1
67,0,0,0,x,0,1,1,x,0,0,0,0,0,0,x,1,0,1,1,1,1,1
69,0,0,0,x,0,1,1,x,0,0,0,0,0,0,x,1,0,1,1,1,1,1
71,0,0,0,x,0,1,1,x,0,0,0,0,0,0,x,1,0,1,1,1,1,1
73,0,0,0,x,0,1,1,x,0,0,0,0,0,0,x,1,0,1,1,1,1,1
75,0,0,0,x,0,1,1,x,0,0,0,0,0,0,x,1,0,1,1,1,1,1
77,0,0,0,x,0,1,1,x,0,0,0,0,0,0,x,1,0,1,1,1,1,1
79,0,0,0,x,0,1,1,x,0,0,0,560,0,0,x,1,0,0,0,0,1,1
81,0,0,0,x,0,1,1,x,0,0,0,0,0,0,x,1,0,1,1,1,1,1
83,0,0,0,x,0,1,1,x,0,0,0,0,0,0,x,1,0,1,1,1,1,1
85,0,0,0,x,0,1,1,x,0,0,0,0,0,0,x,1,0,1,1,1,1,1
87,0,0,0,x,0,1,1,x,0,0,0,0,0,0,x,1,0,1,1,1,1,1
89,0,0,0,x,0,1,1,x,0,0,0,0,0,0,x,1,0,1,1,1,1,1
91,0,0,0,x,0,1,1,x,0,0,0,0,0,0,x,1,0,1,1,1,1,1
93,0,0,0,x,0,1,1,x,0,0,0,0,0,0,x,1,0,1,1,1,1,1
95,0,0,0,x,0,1,1,x,0,0,0,0,0,0,x,1,0,1,1,1,1,1
97,0,0,0,x,0,1,1,x,0,0,0,0,0,0,x,1,0,1,1,1,1,1
99,0,0,0,x,0,1,1,x,0,0,0,0,0,0,x,1,0,1,1,1,1,1
101,0,0,0,x,0,1,1,x,0,0,0,0,0,0,x,1,0,1,1,1,1,1
103,0,0,0,x,0,1,1,x,0,0,0,0,0,0,x,1,0,1,1,1,1,1
105,0,0,0,x,0,1,1,x,0,0,0,0,0,0,x,1,0,1,1,1,1,1
107,0,0,0,x,0,1,1,x,0,0,0,0,0,0,x,1,0,1,1,1,1,1
109,0,0,0,x,0,1,1,x,0,0,0,0,0,0,x,1,0,1,1,1,1,1
111,0,0,0,x,0,1,1,x,0,0,0,0,0,0,x,1,0,1,1,1,1,1
113,0,0,0,x,0,1,1,x,0,0,0,0,0,0,x,1,0,1,1,1,1,1
115,0,0,0,x,0,1,1,x,0,0,0,0,0,0,x,1,0,1,1,1,1,1
117,0,0,0,x,0,1,1,x,0,0,0,0,0,0,x,1,0,1,1,1,1,1
119,0,0,0,x,0,1,1,x,0,0,0,0,0,0,x,1,0,1,1,1,1,1
121,0,0,0,x,0,1,1,x,0,0,0,0,0,0,x,1,0,1,1,1,1,1
123,0,0,0,x,0,1,1,x,0,0,0,0,0,0,x,1,0,1,1,1,1,1
125,0,0,0,x,0,1,1,x,0,0,0,0,0,0,x,1,0,1,1,1,1,1
127,16702445,3333,0,x,0,1,1,x,0,0,0,0,0,0,x,1,0,1,1,1,1,1
129,16702445,3333,1,x,0,1,1,x,0,0,0,0,0,0,x,1,0,1,1,1,1,1
131,16702445,3333,1,x,0,1,1,x,0,0,0,8045,3,0,x,1,0,0,1,1,0,0
133,16702445,3333,1,x,0,1,1,x,0,0,1,0,0,0,x,1,0,1,1,1,0,0
135,0,0,0,x,0,1,1,x,0,0,1,0,0,0,x,1,0,1,1,1,0,0
137,0,0,0,x,0,1,1,x,0,0,1,1517,3,1,3333,1,0,1,0,0,0,0
139,0,0,0,x,0,1,1,x,0,0,1,0,0,0,x,1,0,1,1,1,0,0
141,0,0,0,x,0,1,1,x,0,0,1,0,0,0,x,1,0,1,1,1,0,0
143,0,0,0,x,0,1,1,x,0,0,1,0,0,0,x,1,0,1,1,1,1,1
145,0,0,0,x,0,1,1,x,0,0,0,0,0,0,x,1,0,1,1,1,1,1
147,0,0,0,x,0,1,1,x,0,0,0,0,0,0,x,1,0,1,1,1,1,1
149,0,0,0,x,0,1,1,x,0,0,0,0,0,0,x,1,0,1,1,1,1,1
151,0,0,0,x,0,1,1,x,0,0,0,0,0,0,x,1,0,1,1,1,1,1
153,0,0,0,x,0,1,1,x,0,0,0,0,0,0,x,1,0,1,1,1,1,1
155,0,0,0,x,0,1,1,x,0,0,0,0,0,0,x,1,0,1,1,1,1,1
157,0,0,0,x,0,1,1,x,0,0,0,0,0,0,x,1,0,1,1,1,1,1
159,0,0,0,x,0,1,1,x,0,0,0,0,0,0,x,1,0,1,1,1,1,1
161,0,0,0,x,0,1,1,x,0,0,0,0,0,0,x,1,0,1,1,1,1,1
163,0,0,0,x,0,1,1,x,0,0,0,0,0,0,x,1,0,1,1,1,1,1
165,0,0,0,x,0,1,1,x,0,0,0,0,0,0,x,1,0,1,1,1,1,1
167,0,0,0,x,0,1,1,x,0,0,0,0,0,0,x,1,0,1,1,1,1,1
169,0,0,0,x,0,1,1,x,0,0,0,0,0,0,x,1,0,1,1,1,1,1
171,0,0,0,x,0,1,1,x,0,0,0,0,0,0,x,1,0,1,1,1,1,1
173,0,0,0,x,0,1,1,x,0,0,0,0,0,0,x,1,0,1,1,1,1,1
175,0,0,0,x,0,1,1,x,0,0,0,0,0,0,x,1,0,1,1,1,1,1
177,0,0,0,x,0,1,1,x,0,0,0,0,0,0,x,1,0,1,1,1,1,1
179,0,0,0,x,0,1,1,x,0,0,0,0,0,0,x,1,0,1,1,1,1,1
181,0,0,0,x,0,1,1,x,0,0,0,0,0,0,x,1,0,1,1,1,1,1
183,0,0,0,x,0,1,1,x,0,0,0,0,0,0,x,1,0,1,1,1,1,1
185,0,0,0,x,0,1,1,x,0,0,0,0,0,0,x,1,0,1,1,1,1,1
187,0,0,0,x,0,1,1,x,0,0,0,0,0,0,x,1,0,1,1,1,1,1
189,0,0,0,x,0,1,1,x,0,0,0,0,0,0,x,1,0,1,1,1,1,1
191,0,0,0,x,0,1,1,x,0,0,0,0,0,0,x,1,0,1,1,1,1,1
193,0,0,0,x,0,1,1,x,0,0,0,0,0,0,x,1,0,1,1,1,1,1
195,0,0,0,x,0,1,1,x,0,0,0,0,0,0,x,1,0,1,1,1,1,1
197,0,0,0,x,0,1,1,x,0,0,0,0,0,0,x,1,0,1,1,1,1,1
199,0,0,0,x,0,1,1,x,0,0,0,0,0,0,x,1,0,1,1,1,1,1
201,0,0,0,x,0,1,1,x,0,0,0,0,0,0,x,1,0,1,1,1,1,1
203,0,0,0,x,0,1,1,x,0,0,0,0,0,0,x,1,0,1,1,1,1,1
205,0,0,0,x,0,1,1,x,0,0,0,0,0,0,x,1,0,1,1,1,1,1
207,0,0,0,x,0,1,1,x,0,0,0,0,0,0,x,1,0,1,1,1,1,1
209,0,0,0,x,0,1,1,x,0,0,0,0,0,0,x,1,0,1,1,1,1,1
211,0,0,0,x,0,1,1,x,0,0,0,0,0,0,x,1,0,1,1,1,1,1
213,0,0,0,x,0,1,1,x,0,0,0,0,0,0,x,1,0,1,1,1,1,1
215,0,0,0,x,0,1,1,x,0,0,0,0,0,0,x,1,0,1,1,1,1,1
217,0,0,0,x,0,1,1,x,0,0,0,0,0,0,x,1,0,1,1,1,1,1
219,0,0,0,x,0,1,1,x,0,0,0,0,0,0,x,1,0,1,1,1,1,1
221,0,0,0,x,0,1,1,x,0,0,0,0,0,0,x,1,0,1,1,1,1,1
223,0,0,0,x,0,1,1,x,0,0,0,0,0,0,x,1,0,1,1,1,1,1
225,0,0,0,x,0,1,1,x,0,0,0,0,0,0,x,1,0,1,1,1,1,1
227,0,0,0,x,0,1,1,x,0,0,0,0,0,0,x,1,0,1,1,1,1,1
229,0,0,0,x,0,1,1,x,0,0,0,0,0,0,x,1,0,1,1,1,1,1
231,0,0,0,x,0,1,1,x,0,0,0,0,0,0,x,1,0,1,1,1,1,1
233,0,0,0,x,0,1,1,x,0,0,0,0,0,0,x,1,0,1,1,1,1,1
235,0,0,0,x,0,1,1,x,0,0,0,0,0,0,x,1,0,1,1,1,1,1
237,0,0,0,x,0,1,1,x,0,0,0,0,0,0,x,1,0,1,1,1,1,1
239,0,0,0,x,0,1,1,x,0,0,0,0,0,0,x,1,0,1,1,1,1,1
241,0,0,0,x,0,1,1,x,0,0,0,0,0,0,x,1,0,1,1,1,1,1
243,0,0,0,x,0,1,1,x,0,0,0,0,0,0,x,1,0,1,1,1,1,1
245,0,0,0,x,0,1,1,x,0,0,0,0,0,0,x,1,0,1,1,1,1,1
247,0,0,0,x,0,1,1,x,0,0,0,0,0,0,x,1,0,1,1,1,1,1
249,0,0,0,x,0,1,1,x,0,0,0,0,0,0,x,1,0,1,1,1,1,1
251,0,0,0,x,0,1,1,x,0,0,0,0,0,0,x,1,0,1,1,1,1,1
253,0,0,0,x,0,1,1,x,0,0,0,0,0,0,x,1,0,1,1,1,1,1
255,12509165,0,0,x,0,1,1,x,0,0,0,0,0,0,x,1,0,1,1,1,1,1
257,12509165,0,0,x,0,1,1,x,0,0,0,0,0,0,x,1,0,1,1,1,1,1
259,12509165,0,0,x,1,1,1,x,0,0,0,0,0,0,x,1,0,1,1,1,1,1
261,12509165,0,0,x,1,1,1,x,0,0,0,x,x,0,x,1,0,0,1,1,0,0
263,12509165,0,0,x,1,1,1,x,0,0,1,0,0,0,x,1,0,1,1,1,0,0
265,0,0,0,x,0,1,1,x,0,0,1,0,0,0,x,1,0,1,1,1,0,0
267,0,0,0,x,0,1,1,x,0,0,1,X,x,0,x,1,0,1,0,1,0,0
269,0,0,0,x,0,1,1,x,0,0,1,0,0,0,x,1,0,1,1,1,0,0
271,0,0,0,x,0,1,1,x,0,0,1,0,0,0,x,1,0,1,1,1,0,0
273,0,0,0,x,0,1,1,48059,0,0,1,0,0,0,x,1,0,1,1,1,0,0
275,0,0,0,x,0,1,1,x,48059,1,1,0,0,0,x,1,0,1,1,1,1,1
277,0,0,0,x,0,1,1,x,48059,0,0,0,0,0,x,1,0,1,1,1,1,1
279,0,0,0,x,0,1,1,x,48059,0,0,0,0,0,x,1,0,1,1,1,1,1
281,0,0,0,x,0,1,1,x,48059,0,0,0,0,0,x,1,0,1,1,1,1,1
283,0,0,0,x,0,1,1,x,48059,0,0,0,0,0,x,1,0,1,1,1,1,1
285,0,0,0,x,0,1,1,x,48059,0,0,0,0,0,x,1,0,1,1,1,1,1
287,0,0,0,x,0,1,1,x,48059,0,0,0,0,0,x,1,0,1,1,1,1,1
289,0,0,0,x,0,1,1,x,48059,0,0,0,0,0,x,1,0,1,1,1,1,1
291,0,0,0,x,0,1,1,x,48059,0,0,0,0,0,x,1,0,1,1,1,1,1
293,0,0,0,x,0,1,1,x,48059,0,0,0,0,0,x,1,0,1,1,1,1,1
295,0,0,0,x,0,1,1,x,48059,0,0,0,0,0,x,1,0,1,1,1,1,1
297,0,0,0,x,0,1,1,x,48059,0,0,0,0,0,x,1,0,1,1,1,1,1
299,0,0,0,x,0,1,1,x,48059,0,0,0,0,0,x,1,0,1,1,1,1,1
301,0,0,0,x,0,1,1,x,48059,0,0,0,0,0,x,1,0,1,1,1,1,1
303,0,0,0,x,0,1,1,x,48059,0,0,0,0,0,x,1,0,1,1,1,1,1
305,0,0,0,x,0,1,1,x,48059,0,0,0,0,0,x,1,0,1,1,1,1,1
307,0,0,0,x,0,1,1,x,48059,0,0,0,0,0,x,1,0,1,1,1,1,1
309,0,0,0,x,0,1,1,x,48059,0,0,0,0,0,x,1,0,1,1,1,1,1
311,0,0,0,x,0,1,1,x,48059,0,0,0,0,0,x,1,0,1,1,1,1,1
313,0,0,0,x,0,1,1,x,48059,0,0,0,0,0,x,1,0,1,1,1,1,1
315,0,0,0,x,0,1,1,x,48059,0,0,0,0,0,x,1,0,1,1,1,1,1
317,0,0,0,x,0,1,1,x,48059,0,0,0,0,0,x,1,0,1,1,1,1,1
319,0,0,0,x,0,1,1,x,48059,0,0,0,0,0,x,1,0,1,1,1,1,1
321,0,0,0,x,0,1,1,x,48059,0,0,0,0,0,x,1,0,1,1,1,1,1
323,0,0,0,x,0,1,1,x,48059,0,0,0,0,0,x,1,0,1,1,1,1,1
325,0,0,0,x,0,1,1,x,48059,0,0,0,0,0,x,1,0,1,1,1,1,1
327,0,0,0,x,0,1,1,x,48059,0,0,0,0,0,x,1,0,1,1,1,1,1
329,0,0,0,x,0,1,1,x,48059,0,0,0,0,0,x,1,0,1,1,1,1,1
331,0,0,0,x,0,1,1,x,48059,0,0,0,0,0,x,1,0,1,1,1,1,1
333,0,0,0,x,0,1,1,x,48059,0,0,0,0,0,x,1,0,1,1,1,1,1
335,0,0,0,x,0,1,1,x,48059,0,0,0,0,0,x,1,0,1,1,1,1,1
337,0,0,0,x,0,1,1,x,48059,0,0,0,0,0,x,1,0,1,1,1,1,1
339,0,0,0,x,0,1,1,x,48059,0,0,0,0,0,x,1,0,1,1,1,1,1
341,0,0,0,x,0,1,1,x,48059,0,0,0,0,0,x,1,0,1,1,1,1,1
343,0,0,0,x,0,1,1,x,48059,0,0,0,0,0,x,1,0,1,1,1,1,1
345,0,0,0,x,0,1,1,x,48059,0,0,0,0,0,x,1,0,1,1,1,1,1
347,0,0,0,x,0,1,1,x,48059,0,0,0,0,0,x,1,0,1,1,1,1,1
349,0,0,0,x,0,1,1,x,48059,0,0,0,0,0,x,1,0,1,1,1,1,1
351,0,0,0,x,0,1,1,x,48059,0,0,0,0,0,x,1,0,1,1,1,1,1
353,0,0,0,x,0,1,1,x,48059,0,0,0,0,0,x,1,0,1,1,1,1,1
355,0,0,0,x,0,1,1,x,48059,0,0,0,0,0,x,1,0,1,1,1,1,1
357,0,0,0,x,0,1,1,x,48059,0,0,0,0,0,x,1,0,1,1,1,1,1
359,0,0,0,x,0,1,1,x,48059,0,0,0,0,0,x,1,0,1,1,1,1,1
361,0,0,0,x,0,1,1,x,48059,0,0,0,0,0,x,1,0,1,1,1,1,1
363,0,0,0,x,0,1,1,x,48059,0,0,0,0,0,x,1,0,1,1,1,1,1
365,0,0,0,x,0,1,1,x,48059,0,0,0,0,0,x,1,0,1,1,1,1,1
367,0,0,0,x,0,1,1,x,48059,0,0,0,0,0,x,1,0,1,1,1,1,1
369,0,0,0,x,0,1,1,x,48059,0,0,0,0,0,x,1,0,1,1,1,1,1
371,0,0,0,x,0,1,1,x,48059,0,0,0,0,0,x,1,0,1,1,1,1,1
373,0,0,0,x,0,1,1,x,48059,0,0,0,0,0,x,1,0,1,1,1,1,1
375,0,0,0,x,0,1,1,x,48059,0,0,0,0,0,x,1,0,1,1,1,1,1
377,0,0,0,x,0,1,1,x,48059,0,0,0,0,0,x,1,0,1,1,1,1,1
379,0,0,0,x,0,1,1,x,48059,0,0,0,0,0,x,1,0,1,1,1,1,1
381,0,0,0,x,0,1,1,x,48059,0,0,0,0,0,x,1,0,1,1,1,1,1
383,0,0,0,x,0,1,1,x,48059,0,0,0,0,0,x,1,0,1,1,1,1,1
385,0,0,0,x,0,1,1,x,48059,0,0,0,0,0,x,1,0,1,1,1,1,1
387,0,0,0,x,0,1,1,x,48059,0,0,0,0,0,x,1,0,1,1,1,1,1
389,0,0,0,x,0,1,1,x,48059,0,0,0,0,0,x,1,0,1,1,1,1,1
391,0,0,0,x,0,1,1,x,48059,0,0,0,0,0,x,1,0,1,1,1,1,1
393,0,0,0,x,0,1,1,x,48059,0,0,0,0,0,x,1,0,1,1,1,1,1
395,0,0,0,x,0,1,1,x,48059,0,0,0,0,0,x,1,0,1,1,1,1,1
397,0,0,0,x,0,1,1,x,48059,0,0,0,0,0,x,1,0,1,1,1,1,1
399,0,0,0,x,0,1,1,x,48059,0,0,0,0,0,x,1,0,1,1,1,1,1
401,0,0,0,x,0,1,1,x,48059,0,0,0,0,0,x,1,0,1,1,1,1,1
403,0,0,0,x,0,1,1,x,48059,0,0,0,0,0,x,1,0,1,1,1,1,1
405,0,0,0,x,0,1,1,x,48059,0,0,0,0,0,x,1,0,1,1,1,1,1
407,0,0,0,x,0,1,1,x,48059,0,0,0,0,0,x,1,0,1,1,1,1,1
409,0,0,0,x,0,1,1,x,48059,0,0,0,0,0,x,1,0,1,1,1,1,1
411,0,0,0,x,0,1,1,x,48059,0,0,0,0,0,x,1,0,1,1,1,1,1
413,0,0,0,x,0,1,1,x,48059,0,0,0,0,0,x,1,0,1,1,1,1,1
415,0,0,0,x,0,1,1,x,48059,0,0,0,0,0,x,1,0,1,1,1,1,1
417,0,0,0,x,0,1,1,x,48059,0,0,0,0,0,x,1,0,1,1,1,1,1
419,0,0,0,x,0,1,1,x,48059,0,0,0,0,0,x,1,0,1,1,1,1,1
421,0,0,0,x,0,1,1,x,48059,0,0,0,0,0,x,1,0,1,1,1,1,1
423,0,0,0,x,0,1,1,x,48059,0,0,0,0,0,x,1,0,1,1,1,1,1
425,0,0,0,x,0,1,1,x,48059,0,0,0,0,0,x,1,0,1,1,1,1,1
427,0,0,0,x,0,1,1,x,48059,0,0,0,0,0,x,1,0,1,1,1,1,1
429,0,0,0,x,0,1,1,x,48059,0,0,0,0,0,x,1,0,1,1,1,1,1
431,0,0,0,x,0,1,1,x,48059,0,0,0,0,0,x,1,0,1,1,1,1,1
433,0,0,0,x,0,1,1,x,48059,0,0,0,0,0,x,1,0,1,1,1,1,1
435,0,0,0,x,0,1,1,x,48059,0,0,0,0,0,x,1,0,1,1,1,1,1
437,0,0,0,x,0,1,1,x,48059,0,0,0,0,0,x,1,0,1,1,1,1,1
439,0,0,0,x,0,1,1,x,48059,0,0,0,0,0,x,1,0,1,1,1,1,1
441,0,0,0,x,0,1,1,x,48059,0,0,0,0,0,x,1,0,1,1,1,1,1
443,0,0,0,x,0,1,1,x,48059,0,0,0,0,0,x,1,0,1,1,1,1,1
445,0,0,0,x,0,1,1,x,48059,0,0,0,0,0,x,1,0,1,1,1,1,1
447,0,0,0,x,0,1,1,x,48059,0,0,0,0,0,x,1,0,1,1,1,1,1
449,0,0,0,x,0,1,1,x,48059,0,0,0,0,0,x,1,0,1,1,1,1,1
451,0,0,0,x,0,1,1,x,48059,0,0,0,0,0,x,1,0,1,1,1,1,1
453,0,0,0,x,0,1,1,x,48059,0,0,0,0,0,x,1,0,1,1,1,1,1
455,0,0,0,x,0,1,1,x,48059,0,0,0,0,0,x,1,0,1,1,1,1,1
457,0,0,0,x,0,1,1,x,48059,0,0,0,0,0,x,1,0,1,1,1,1,1
459,0,0,0,x,0,1,1,x,48059,0,0,0,0,0,x,1,0,1,1,1,1,1
461,0,0,0,x,0,1,1,x,48059,0,0,0,0,0,x,1,0,1,1,1,1,1
463,0,0,0,x,0,1,1,x,48059,0,0,0,0,0,x,1,0,1,1,1,1,1
465,0,0,0,x,0,1,1,x,48059,0,0,0,0,0,x,1,0,1,1,1,1,1
467,0,0,0,x,0,1,1,x,48059,0,0,0,0,0,x,1,0,1,1,1,1,1
469,0,0,0,x,0,1,1,x,48059,0,0,0,0,0,x,1,0,1,1,1,1,1
471,0,0,0,x,0,1,1,x,48059,0,0,0,0,0,x,1,0,1,1,1,1,1
473,0,0,0,x,0,1,1,x,48059,0,0,0,0,0,x,1,0,1,1,1,1,1
475,0,0,0,x,0,1,1,x,48059,0,0,0,0,0,x,1,0,1,1,1,1,1
477,0,0,0,x,0,1,1,x,48059,0,0,0,0,0,x,1,0,1,1,1,1,1
479,0,0,0,x,0,1,1,x,48059,0,0,0,0,0,x,1,0,1,1,1,1,1
481,0,0,0,x,0,1,1,x,48059,0,0,0,0,0,x,1,0,1,1,1,1,1
483,0,0,0,x,0,1,1,x,48059,0,0,0,0,0,x,1,0,1,1,1,1,1
485,0,0,0,x,0,1,1,x,48059,0,0,0,0,0,x,1,0,1,1,1,1,1
487,0,0,0,x,0,1,1,x,48059,0,0,0,0,0,x,1,0,1,1,1,1,1
489,0,0,0,x,0,1,1,x,48059,0,0,0,0,0,x,1,0,1,1,1,1,1
491,0,0,0,x,0,1,1,x,48059,0,0,0,0,0,x,1,0,1,1,1,1,1
493,0,0,0,x,0,1,1,x,48059,0,0,0,0,0,x,1,0,1,1,1,1,1
495,0,0,0,x,0,1,1,x,48059,0,0,0,0,0,x,1,0,1,1,1,1,1
497,0,0,0,x,0,1,1,x,48059,0,0,0,0,0,x,1,0,1,1,1,1,1
499,0,0,0,x,0,1,1,x,48059,0,0,0,0,0,x,1,0,1,1,1,1,1
501,0,0,0,x,0,1,1,x,48059,0,0,0,0,0,x,1,0,1,1,1,1,1
503,0,0,0,x,0,1,1,x,48059,0,0,0,0,0,x,1,0,1,1,1,1,1
505,0,0,0,x,0,1,1,x,48059,0,0,0,0,0,x,1,0,1,1,1,1,1
507,0,0,0,x,0,1,1,x,48059,0,0,0,0,0,x,1,0,1,1,1,1,1
509,0,0,0,x,0,1,1,x,48059,0,0,0,0,0,x,1,0,1,1,1,1,1
511,0,0,0,x,0,1,1,x,48059,0,0,0,0,0,x,1,0,1,1,1,1,1
513,0,0,0,x,0,1,1,x,48059,0,0,0,0,0,x,1,0,1,1,1,1,1
515,0,0,0,x,0,1,1,x,48059,0,0,0,0,0,x,1,0,1,1,1,1,1
517,0,0,0,x,0,1,1,x,48059,0,0,0,0,0,x,1,0,1,1,1,1,1
519,0,0,0,x,0,1,1,x,48059,0,0,0,0,0,x,1,0,1,1,1,1,1
521,0,0,0,x,0,1,1,x,48059,0,0,0,0,0,x,1,0,1,1,1,1,1
523,0,0,0,x,0,1,1,x,48059,0,0,0,0,0,x,1,0,1,1,1,1,1
525,0,0,0,x,0,1,1,x,48059,0,0,0,0,0,x,1,0,1,1,1,1,1
527,0,0,0,x,0,1,1,x,48059,0,0,0,0,0,x,1,0,1,1,1,1,1
529,0,0,0,x,0,1,1,x,48059,0,0,0,0,0,x,1,0,1,1,1,1,1
531,0,0,0,x,0,1,1,x,48059,0,0,0,0,0,x,1,0,1,1,1,1,1
533,0,0,0,x,0,1,1,x,48059,0,0,0,0,0,x,1,0,1,1,1,1,1
535,0,0,0,x,0,1,1,x,48059,0,0,0,0,0,x,1,0,1,1,1,1,1
537,0,0,0,x,0,1,1,x,48059,0,0,0,0,0,x,1,0,1,1,1,1,1
539,0,0,0,x,0,1,1,x,48059,0,0,0,0,0,x,1,0,1,1,1,1,1
541,0,0,0,x,0,1,1,x,48059,0,0,0,0,0,x,1,0,1,1,1,1,1
543,0,0,0,x,0,1,1,x,48059,0,0,0,0,0,x,1,0,1,1,1,1,1
545,0,0,0,x,0,1,1,x,48059,0,0,0,0,0,x,1,0,1,1,1,1,1
547,0,0,0,x,0,1,1,x,48059,0,0,0,0,0,x,1,0,1,1,1,1,1
549,0,0,0,x,0,1,1,x,48059,0,0,0,0,0,x,1,0,1,1,1,1,1
551,0,0,0,x,0,1,1,x,48059,0,0,0,0,0,x,1,0,1,1,1,1,1
553,0,0,0,x,0,1,1,x,48059,0,0,0,0,0,x,1,0,1,1,1,1,1
555,0,0,0,x,0,1,1,x,48059,0,0,0,0,0,x,1,0,1,1,1,1,1
557,0,0,0,x,0,1,1,x,48059,0,0,0,0,0,x,1,0,1,1,1,1,1
559,0,0,0,x,0,1,1,x,48059,0,0,0,0,0,x,1,0,1,1,1,1,1
561,0,0,0,x,0,1,1,x,48059,0,0,0,0,0,x,1,0,1,1,1,1,1
563,0,0,0,x,0,1,1,x,48059,0,0,0,0,0,x,1,0,1,1,1,1,1
565,0,0,0,x,0,1,1,x,48059,0,0,0,0,0,x,1,0,1,1,1,1,1
567,0,0,0,x,0,1,1,x,48059,0,0,0,0,0,x,1,0,1,1,1,1,1
569,0,0,0,x,0,1,1,x,48059,0,0,0,0,0,x,1,0,1,1,1,1,1
571,0,0,0,x,0,1,1,x,48059,0,0,0,0,0,x,1,0,1,1,1,1,1
573,0,0,0,x,0,1,1,x,48059,0,0,0,0,0,x,1,0,1,1,1,1,1
575,0,0,0,x,0,1,1,x,48059,0,0,0,0,0,x,1,0,1,1,1,1,1
577,0,0,0,x,0,1,1,x,48059,0,0,0,0,0,x,1,0,1,1,1,1,1
579,0,0,0,x,0,1,1,x,48059,0,0,0,0,0,x,1,0,1,1,1,1,1
581,0,0,0,x,0,1,1,x,48059,0,0,0,0,0,x,1,0,1,1,1,1,1
583,0,0,0,x,0,1,1,x,48059,0,0,0,0,0,x,1,0,1,1,1,1,1
585,0,0,0,x,0,1,1,x,48059,0,0,0,0,0,x,1,0,1,1,1,1,1
587,0,0,0,x,0,1,1,x,48059,0,0,0,0,0,x,1,0,1,1,1,1,1
589,0,0,0,x,0,1,1,x,48059,0,0,0,0,0,x,1,0,1,1,1,1,1
591,0,0,0,x,0,1,1,x,48059,0,0,0,0,0,x,1,0,1,1,1,1,1
593,0,0,0,x,0,1,1,x,48059,0,0,0,0,0,x,1,0,1,1,1,1,1
595,0,0,0,x,0,1,1,x,48059,0,0,0,0,0,x,1,0,1,1,1,1,1
597,0,0,0,x,0,1,1,x,48059,0,0,0,0,0,x,1,0,1,1,1,1,1
599,0,0,0,x,0,1,1,x,48059,0,0,0,0,0,x,1,0,1,1,1,1,1
601,0,0,0,x,0,1,1,x,48059,0,0,0,0,0,x,1,0,1,1,1,1,1
603,0,0,0,x,0,1,1,x,48059,0,0,0,0,0,x,1,0,1,1,1,1,1
605,0,0,0,x,0,1,1,x,48059,0,0,0,0,0,x,1,0,1,1,1,1,1
607,0,0,0,x,0,1,1,x,48059,0,0,0,0,0,x,1,0,1,1,1,1,1
609,0,0,0,x,0,1,1,x,48059,0,0,0,0,0,x,1,0,1,1,1,1,1
611,0,0,0,x,0,1,1,x,48059,0,0,0,0,0,x,1,0,1,1,1,1,1
613,0,0,0,x,0,1,1,x,48059,0,0,0,0,0,x,1,0,1,1,1,1,1
615,0,0,0,x,0,1,1,x,48059,0,0,0,0,0,x,1,0,1,1,1,1,1
617,0,0,0,x,0,1,1,x,48059,0,0,0,0,0,x,1,0,1,1,1,1,1
619,0,0,0,x,0,1,1,x,48059,0,0,0,0,0,x,1,0,1,1,1,1,1
621,0,0,0,x,0,1,1,x,48059,0,0,0,0,0,x,1,0,1,1,1,1,1
623,0,0,0,x,0,1,1,x,48059,0,0,0,0,0,x,1,0,1,1,1,1,1
625,0,0,0,x,0,1,1,x,48059,0,0,0,0,0,x,1,0,1,1,1,1,1
627,0,0,0,x,0,1,1,x,48059,0,0,0,0,0,x,1,0,1,1,1,1,1
629,0,0,0,x,0,1,1,x,48059,0,0,0,0,0,x,1,0,1,1,1,1,1
631,0,0,0,x,0,1,1,x,48059,0,0,0,0,0,x,1,0,1,1,1,1,1
633,0,0,0,x,0,1,1,x,48059,0,0,0,0,0,x,1,0,1,1,1,1,1
635,0,0,0,x,0,1,1,x,48059,0,0,0,0,0,x,1,0,1,1,1,1,1
637,0,0,0,x,0,1,1,x,48059,0,0,0,0,0,x,1,0,1,1,1,1,1
639,0,0,0,x,0,1,1,x,48059,0,0,0,0,0,x,1,0,1,1,1,1,1
641,0,0,0,x,0,1,1,x,48059,0,0,0,0,0,x,1,0,1,1,1,1,1
643,0,0,0,x,0,1,1,x,48059,0,0,0,0,0,x,1,0,1,1,1,1,1
645,0,0,0,x,0,1,1,x,48059,0,0,0,0,0,x,1,0,1,1,1,1,1
647,0,0,0,x,0,1,1,x,48059,0,0,0,0,0,x,1,0,1,1,1,1,1
649,0,0,0,x,0,1,1,x,48059,0,0,0,0,0,x,1,0,1,1,1,1,1
651,0,0,0,x,0,1,1,x,48059,0,0,0,0,0,x,1,0,1,1,1,1,1
653,0,0,0,x,0,1,1,x,48059,0,0,0,0,0,x,1,0,1,1,1,1,1
655,0,0,0,x,0,1,1,x,48059,0,0,0,0,0,x,1,0,1,1,1,1,1
657,0,0,0,x,0,1,1,x,48059,0,0,0,0,0,x,1,0,1,1,1,1,1
659,0,0,0,x,0,1,1,x,48059,0,0,0,0,0,x,1,0,1,1,1,1,1
661,0,0,0,x,0,1,1,x,48059,0,0,0,0,0,x,1,0,1,1,1,1,1
663,0,0,0,x,0,1,1,x,48059,0,0,0,0,0,x,1,0,1,1,1,1,1
665,0,0,0,x,0,1,1,x,48059,0,0,0,0,0,x,1,0,1,1,1,1,1
667,0,0,0,x,0,1,1,x,48059,0,0,0,0,0,x,1,0,1,1,1,1,1
669,0,0,0,x,0,1,1,x,48059,0,0,0,0,0,x,1,0,1,1,1,1,1
671,0,0,0,x,0,1,1,x,48059,0,0,0,0,0,x,1,0,1,1,1,1,1
673,0,0,0,x,0,1,1,x,48059,0,0,0,0,0,x,1,0,1,1,1,1,1
675,0,0,0,x,0,1,1,x,48059,0,0,0,0,0,x,1,0,1,1,1,1,1
677,0,0,0,x,0,1,1,x,48059,0,0,0,0,0,x,1,0,1,1,1,1,1
679,0,0,0,x,0,1,1,x,48059,0,0,0,0,0,x,1,0,1,1,1,1,1
681,0,0,0,x,0,1,1,x,48059,0,0,0,0,0,x,1,0,1,1,1,1,1
683,0,0,0,x,0,1,1,x,48059,0,0,0,0,0,x,1,0,1,1,1,1,1
685,0,0,0,x,0,1,1,x,48059,0,0,0,0,0,x,1,0,1,1,1,1,1
687,0,0,0,x,0,1,1,x,48059,0,0,0,0,0,x,1,0,1,1,1,1,1
689,0,0,0,x,0,1,1,x,48059,0,0,0,0,0,x,1,0,1,1,1,1,1
691,0,0,0,x,0,1,1,x,48059,0,0,0,0,0,x,1,0,1,1,1,1,1
693,0,0,0,x,0,1,1,x,48059,0,0,0,0,0,x,1,0,1,1,1,1,1
695,0,0,0,x,0,1,1,x,48059,0,0,0,0,0,x,1,0,1,1,1,1,1
697,0,0,0,x,0,1,1,x,48059,0,0,0,0,0,x,1,0,1,1,1,1,1
699,0,0,0,x,0,1,1,x,48059,0,0,0,0,0,x,1,0,1,1,1,1,1
701,0,0,0,x,0,1,1,x,48059,0,0,0,0,0,x,1,0,1,1,1,1,1
703,0,0,0,x,0,1,1,x,48059,0,0,0,0,0,x,1,0,1,1,1,1,1
705,0,0,0,x,0,1,1,x,48059,0,0,0,0,0,x,1,0,1,1,1,1,1
707,0,0,0,x,0,1,1,x,48059,0,0,0,0,0,x,1,0,1,1,1,1,1
709,0,0,0,x,0,1,1,x,48059,0,0,0,0,0,x,1,0,1,1,1,1,1
711,0,0,0,x,0,1,1,x,48059,0,0,0,0,0,x,1,0,1,1,1,1,1
713,0,0,0,x,0,1,1,x,48059,0,0,0,0,0,x,1,0,1,1,1,1,1
715,0,0,0,x,0,1,1,x,48059,0,0,0,0,0,x,1,0,1,1,1,1,1
717,0,0,0,x,0,1,1,x,48059,0,0,0,0,0,x,1,0,1,1,1,1,1
719,0,0,0,x,0,1,1,x,48059,0,0,0,0,0,x,1,0,1,1,1,1,1
721,0,0,0,x,0,1,1,x,48059,0,0,0,0,0,x,1,0,1,1,1,1,1
723,0,0,0,x,0,1,1,x,48059,0,0,0,0,0,x,1,0,1,1,1,1,1
725,0,0,0,x,0,1,1,x,48059,0,0,0,0,0,x,1,0,1,1,1,1,1
727,0,0,0,x,0,1,1,x,48059,0,0,0,0,0,x,1,0,1,1,1,1,1
729,0,0,0,x,0,1,1,x,48059,0,0,0,0,0,x,1,0,1,1,1,1,1
731,0,0,0,x,0,1,1,x,48059,0,0,0,0,0,x,1,0,1,1,1,1,1
733,0,0,0,x,0,1,1,x,48059,0,0,0,0,0,x,1,0,1,1,1,1,1
735,0,0,0,x,0,1,1,x,48059,0,0,0,0,0,x,1,0,1,1,1,1,1
737,0,0,0,x,0,1,1,x,48059,0,0,0,0,0,x,1,0,1,1,1,1,1
739,0,0,0,x,0,1,1,x,48059,0,0,0,0,0,x,1,0,1,1,1,1,1
741,0,0,0,x,0,1,1,x,48059,0,0,0,0,0,x,1,0,1,1,1,1,1
743,0,0,0,x,0,1,1,x,48059,0,0,0,0,0,x,1,0,1,1,1,1,1
745,0,0,0,x,0,1,1,x,48059,0,0,0,0,0,x,1,0,1,1,1,1,1
747,0,0,0,x,0,1,1,x,48059,0,0,0,0,0,x,1,0,1,1,1,1,1
749,0,0,0,x,0,1,1,x,48059,0,0,0,0,0,x,1,0,1,1,1,1,1
751,0,0,0,x,0,1,1,x,48059,0,0,0,0,0,x,1,0,1,1,1,1,1
753,0,0,0,x,0,1,1,x,48059,0,0,0,0,0,x,1,0,1,1,1,1,1
755,0,0,0,x,0,1,1,x,48059,0,0,0,0,0,x,1,0,1,1,1,1,1
757,0,0,0,x,0,1,1,x,48059,0,0,0,0,0,x,1,0,1,1,1,1,1
759,0,0,0,x,0,1,1,x,48059,0,0,0,0,0,x,1,0,1,1,1,1,1
761,0,0,0,x,0,1,1,x,48059,0,0,0,0,0,x,1,0,1,1,1,1,1
763,0,0,0,x,0,1,1,x,48059,0,0,0,0,0,x,1,0,1,1,1,1,1
765,0,0,0,x,0,1,1,x,48059,0,0,0,0,0,x,1,0,1,1,1,1,1
767,0,0,0,x,0,1,1,x,48059,0,0,0,0,0,x,1,0,1,1,1,1,1
769,0,0,0,x,0,1,1,x,48059,0,0,0,0,0,x,1,0,1,1,1,1,1
771,0,0,0,x,0,1,1,x,48059,0,0,0,0,0,x,1,0,1,1,1,1,1
773,0,0,0,x,0,1,1,x,48059,0,0,0,0,0,x,1,0,1,1,1,1,1
775,0,0,0,x,0,1,1,x,48059,0,0,0,0,0,x,1,0,1,1,1,1,1
777,0,0,0,x,0,1,1,x,48059,0,0,0,0,0,x,1,0,1,1,1,1,1
779,0,0,0,x,0,1,1,x,48059,0,0,0,0,0,x,1,0,1,1,1,1,1
781,0,0,0,x,0,1,1,x,48059,0,0,0,0,0,x,1,0,1,1,1,1,1
783,0,0,0,x,0,1,1,x,48059,0,0,0,0,0,x,1,0,1,1,1,1,1
785,0,0,0,x,0,1,1,x,48059,0,0,0,0,0,x,1,0,1,1,1,1,1
787,0,0,0,x,0,1,1,x,48059,0,0,0,0,0,x,1,0,1,1,1,1,1
789,0,0,0,x,0,1,1,x,48059,0,0,0,0,0,x,1,0,1,1,1,1,1
791,0,0,0,x,0,1,1,x,48059,0,0,0,0,0,x,1,0,1,1,1,1,1
793,0,0,0,x,0,1,1,x,48059,0,0,0,0,0,x,1,0,1,1,1,1,1
795,0,0,0,x,0,1,1,x,48059,0,0,0,0,0,x,1,0,1,1,1,1,1
797,0,0,0,x,0,1,1,x,48059,0,0,0,0,0,x,1,0,1,1,1,1,1
799,0,0,0,x,0,1,1,x,48059,0,0,0,0,0,x,1,0,1,1,1,1,1
801,0,0,0,x,0,1,1,x,48059,0,0,0,0,0,x,1,0,1,1,1,1,1
803,0,0,0,x,0,1,1,x,48059,0,0,0,0,0,x,1,0,1,1,1,1,1
805,0,0,0,x,0,1,1,x,48059,0,0,0,0,0,x,1,0,1,1,1,1,1
807,0,0,0,x,0,1,1,x,48059,0,0,0,0,0,x,1,0,1,1,1,1,1
809,0,0,0,x,0,1,1,x,48059,0,0,0,0,0,x,1,0,1,1,1,1,1
811,0,0,0,x,0,1,1,x,48059,0,0,0,0,0,x,1,0,1,1,1,1,1
813,0,0,0,x,0,1,1,x,48059,0,0,0,0,0,x,1,0,1,1,1,1,1
815,0,0,0,x,0,1,1,x,48059,0,0,0,0,0,x,1,0,1,1,1,1,1
817,0,0,0,x,0,1,1,x,48059,0,0,0,0,0,x,1,0,1,1,1,1,1
819,0,0,0,x,0,1,1,x,48059,0,0,0,0,0,x,1,0,1,1,1,1,1
821,0,0,0,x,0,1,1,x,48059,0,0,0,0,0,x,1,0,1,1,1,1,1
823,0,0,0,x,0,1,1,x,48059,0,0,0,0,0,x,1,0,1,1,1,1,1
825,0,0,0,x,0,1,1,x,48059,0,0,0,0,0,x,1,0,1,1,1,1,1
827,0,0,0,x,0,1,1,x,48059,0,0,0,0,0,x,1,0,1,1,1,1,1
829,0,0,0,x,0,1,1,x,48059,0,0,0,0,0,x,1,0,1,1,1,1,1
831,0,0,0,x,0,1,1,x,48059,0,0,0,0,0,x,1,0,1,1,1,1,1
833,0,0,0,x,0,1,1,x,48059,0,0,0,0,0,x,1,0,1,1,1,1,1
835,0,0,0,x,0,1,1,x,48059,0,0,0,0,0,x,1,0,1,1,1,1,1
837,0,0,0,x,0,1,1,x,48059,0,0,0,0,0,x,1,0,1,1,1,1,1
839,0,0,0,x,0,1,1,x,48059,0,0,0,0,0,x,1,0,1,1,1,1,1
841,0,0,0,x,0,1,1,x,48059,0,0,0,0,0,x,1,0,1,1,1,1,1
843,0,0,0,x,0,1,1,x,48059,0,0,0,0,0,x,1,0,1,1,1,1,1
845,0,0,0,x,0,1,1,x,48059,0,0,0,0,0,x,1,0,1,1,1,1,1
847,0,0,0,x,0,1,1,x,48059,0,0,0,0,0,x,1,0,1,1,1,1,1
849,0,0,0,x,0,1,1,x,48059,0,0,0,0,0,x,1,0,1,1,1,1,1
851,0,0,0,x,0,1,1,x,48059,0,0,0,0,0,x,1,0,1,1,1,1,1
853,0,0,0,x,0,1,1,x,48059,0,0,0,0,0,x,1,0,1,1,1,1,1
855,0,0,0,x,0,1,1,x,48059,0,0,0,0,0,x,1,0,1,1,1,1,1
857,0,0,0,x,0,1,1,x,48059,0,0,0,0,0,x,1,0,1,1,1,1,1
859,0,0,0,x,0,1,1,x,48059,0,0,0,0,0,x,1,0,1,1,1,1,1
861,0,0,0,x,0,1,1,x,48059,0,0,0,0,0,x,1,0,1,1,1,1,1
863,0,0,0,x,0,1,1,x,48059,0,0,0,0,0,x,1,0,1,1,1,1,1
865,0,0,0,x,0,1,1,x,48059,0,0,0,0,0,x,1,0,1,1,1,1,1
867,0,0,0,x,0,1,1,x,48059,0,0,0,0,0,x,1,0,1,1,1,1,1
869,0,0,0,x,0,1,1,x,48059,0,0,0,0,0,x,1,0,1,1,1,1,1
871,0,0,0,x,0,1,1,x,48059,0,0,0,0,0,x,1,0,1,1,1,1,1
873,0,0,0,x,0,1,1,x,48059,0,0,0,0,0,x,1,0,1,1,1,1,1
875,0,0,0,x,0,1,1,x,48059,0,0,0,0,0,x,1,0,1,1,1,1,1
877,0,0,0,x,0,1,1,x,48059,0,0,0,0,0,x,1,0,1,1,1,1,1
879,0,0,0,x,0,1,1,x,48059,0,0,0,0,0,x,1,0,1,1,1,1,1
881,0,0,0,x,0,1,1,x,48059,0,0,0,0,0,x,1,0,1,1,1,1,1
883,0,0,0,x,0,1,1,x,48059,0,0,0,0,0,x,1,0,1,1,1,1,1
885,0,0,0,x,0,1,1,x,48059,0,0,0,0,0,x,1,0,1,1,1,1,1
887,0,0,0,x,0,1,1,x,48059,0,0,0,0,0,x,1,0,1,1,1,1,1
889,0,0,0,x,0,1,1,x,48059,0,0,0,0,0,x,1,0,1,1,1,1,1
891,0,0,0,x,0,1,1,x,48059,0,0,0,0,0,x,1,0,1,1,1,1,1
893,0,0,0,x,0,1,1,x,48059,0,0,0,0,0,x,1,0,1,1,1,1,1
895,0,0,0,x,0,1,1,x,48059,0,0,0,0,0,x,1,0,1,1,1,1,1
897,0,0,0,x,0,1,1,x,48059,0,0,0,0,0,x,1,0,1,1,1,1,1
899,0,0,0,x,0,1,1,x,48059,0,0,0,0,0,x,1,0,1,1,1,1,1
901,0,0,0,x,0,1,1,x,48059,0,0,0,0,0,x,1,0,1,1,1,1,1
903,0,0,0,x,0,1,1,x,48059,0,0,0,0,0,x,1,0,1,1,1,1,1
905,0,0,0,x,0,1,1,x,48059,0,0,0,0,0,x,1,0,1,1,1,1,1
907,0,0,0,x,0,1,1,x,48059,0,0,0,0,0,x,1,0,1,1,1,1,1
909,0,0,0,x,0,1,1,x,48059,0,0,0,0,0,x,1,0,1,1,1,1,1
911,0,0,0,x,0,1,1,x,48059,0,0,0,0,0,x,1,0,1,1,1,1,1
913,0,0,0,x,0,1,1,x,48059,0,0,0,0,0,x,1,0,1,1,1,1,1
915,0,0,0,x,0,1,1,x,48059,0,0,0,0,0,x,1,0,1,1,1,1,1
917,0,0,0,x,0,1,1,x,48059,0,0,0,0,0,x,1,0,1,1,1,1,1
919,0,0,0,x,0,1,1,x,48059,0,0,0,0,0,x,1,0,1,1,1,1,1
921,0,0,0,x,0,1,1,x,48059,0,0,0,0,0,x,1,0,1,1,1,1,1
923,0,0,0,x,0,1,1,x,48059,0,0,0,0,0,x,1,0,1,1,1,1,1
925,0,0,0,x,0,1,1,x,48059,0,0,0,0,0,x,1,0,1,1,1,1,1
927,0,0,0,x,0,1,1,x,48059,0,0,0,0,0,x,1,0,1,1,1,1,1
929,0,0,0,x,0,1,1,x,48059,0,0,0,0,0,x,1,0,1,1,1,1,1
931,0,0,0,x,0,1,1,x,48059,0,0,0,0,0,x,1,0,1,1,1,1,1
933,0,0,0,x,0,1,1,x,48059,0,0,0,0,0,x,1,0,1,1,1,1,1
935,0,0,0,x,0,1,1,x,48059,0,0,0,0,0,x,1,0,1,1,1,1,1
937,0,0,0,x,0,1,1,x,48059,0,0,0,0,0,x,1,0,1,1,1,1,1
939,0,0,0,x,0,1,1,x,48059,0,0,0,0,0,x,1,0,1,1,1,1,1
941,0,0,0,x,0,1,1,x,48059,0,0,0,0,0,x,1,0,1,1,1,1,1
943,0,0,0,x,0,1,1,x,48059,0,0,0,0,0,x,1,0,1,1,1,1,1
945,0,0,0,x,0,1,1,x,48059,0,0,0,0,0,x,1,0,1,1,1,1,1
947,0,0,0,x,0,1,1,x,48059,0,0,0,0,0,x,1,0,1,1,1,1,1
949,0,0,0,x,0,1,1,x,48059,0,0,0,0,0,x,1,0,1,1,1,1,1
951,0,0,0,x,0,1,1,x,48059,0,0,0,0,0,x,1,0,1,1,1,1,1
953,0,0,0,x,0,1,1,x,48059,0,0,0,0,0,x,1,0,1,1,1,1,1
955,0,0,0,x,0,1,1,x,48059,0,0,0,0,0,x,1,0,1,1,1,1,1
957,0,0,0,x,0,1,1,x,48059,0,0,0,0,0,x,1,0,1,1,1,1,1
959,0,0,0,x,0,1,1,x,48059,0,0,0,0,0,x,1,0,1,1,1,1,1
961,0,0,0,x,0,1,1,x,48059,0,0,0,0,0,x,1,0,1,1,1,1,1
963,0,0,0,x,0,1,1,x,48059,0,0,0,0,0,x,1,0,1,1,1,1,1
965,0,0,0,x,0,1,1,x,48059,0,0,0,0,0,x,1,0,1,1,1,1,1
967,0,0,0,x,0,1,1,x,48059,0,0,0,0,0,x,1,0,1,1,1,1,1
969,0,0,0,x,0,1,1,x,48059,0,0,0,0,0,x,1,0,1,1,1,1,1
971,0,0,0,x,0,1,1,x,48059,0,0,0,0,0,x,1,0,1,1,1,1,1
973,0,0,0,x,0,1,1,x,48059,0,0,0,0,0,x,1,0,1,1,1,1,1
975,0,0,0,x,0,1,1,x,48059,0,0,0,0,0,x,1,0,1,1,1,1,1
977,0,0,0,x,0,1,1,x,48059,0,0,0,0,0,x,1,0,1,1,1,1,1
979,0,0,0,x,0,1,1,x,48059,0,0,0,0,0,x,1,0,1,1,1,1,1
981,0,0,0,x,0,1,1,x,48059,0,0,0,0,0,x,1,0,1,1,1,1,1
983,0,0,0,x,0,1,1,x,48059,0,0,0,0,0,x,1,0,1,1,1,1,1
985,0,0,0,x,0,1,1,x,48059,0,0,0,0,0,x,1,0,1,1,1,1,1
987,0,0,0,x,0,1,1,x,48059,0,0,0,0,0,x,1,0,1,1,1,1,1
989,0,0,0,x,0,1,1,x,48059,0,0,0,0,0,x,1,0,1,1,1,1,1
991,0,0,0,x,0,1,1,x,48059,0,0,0,0,0,x,1,0,1,1,1,1,1
993,0,0,0,x,0,1,1,x,48059,0,0,0,0,0,x,1,0,1,1,1,1,1
995,0,0,0,x,0,1,1,x,48059,0,0,0,0,0,x,1,0,1,1,1,1,1
997,0,0,0,x,0,1,1,x,48059,0,0,0,0,0,x,1,0,1,1,1,1,1
999,0,0,0,x,0,1,1,x,48059,0,0,0,0,0,x,1,0,1,1,1,1,1
1001,0,0,0,x,0,1,1,x,48059,0,0,0,0,0,x,1,0,1,1,1,1,1
1003,0,0,0,x,0,1,1,x,48059,0,0,0,0,0,x,1,0,1,1,1,1,1
1005,0,0,0,x,0,1,1,x,48059,0,0,0,0,0,x,1,0,1,1,1,1,1
1007,0,0,0,x,0,1,1,x,48059,0,0,0,0,0,x,1,0,1,1,1,1,1
1009,0,0,0,x,0,1,1,x,48059,0,0,0,0,0,x,1,0,1,1,1,1,1
1011,0,0,0,x,0,1,1,x,48059,0,0,0,0,0,x,1,0,1,1,1,1,1
1013,0,0,0,x,0,1,1,x,48059,0,0,0,0,0,x,1,0,1,1,1,1,1
1015,0,0,0,x,0,1,1,x,48059,0,0,0,0,0,x,1,0,1,1,1,1,1
1017,0,0,0,x,0,1,1,x,48059,0,0,0,0,0,x,1,0,1,1,1,1,1
1019,0,0,0,x,0,1,1,x,48059,0,0,0,0,0,x,1,0,1,1,1,1,1
1021,0,0,0,x,0,1,1,x,48059,0,0,0,0,0,x,1,0,1,1,1,1,1
1023,0,0,0,x,0,1,1,x,48059,0,0,0,0,0,x,1,0,1,1,1,1,1
1025,0,0,0,x,0,1,1,x,48059,0,0,0,0,0,x,1,0,1,1,1,1,1
1027,0,0,0,x,0,1,1,x,48059,0,0,0,0,0,x,1,0,1,1,1,1,1
1029,0,0,0,x,0,1,1,x,48059,0,0,0,0,0,x,1,0,1,1,1,1,1
1031,0,0,0,x,0,1,1,x,48059,0,0,0,0,0,x,1,0,1,1,1,1,1
1033,0,0,0,x,0,1,1,x,48059,0,0,0,0,0,x,1,0,1,1,1,1,1
1035,0,0,0,x,0,1,1,x,48059,0,0,0,0,0,x,1,0,1,1,1,1,1
1037,0,0,0,x,0,1,1,x,48059,0,0,0,0,0,x,1,0,1,1,1,1,1
1039,0,0,0,x,0,1,1,x,48059,0,0,0,0,0,x,1,0,1,1,1,1,1
1041,0,0,0,x,0,1,1,x,48059,0,0,0,0,0,x,1,0,1,1,1,1,1
1043,0,0,0,x,0,1,1,x,48059,0,0,0,0,0,x,1,0,1,1,1,1,1
1045,0,0,0,x,0,1,1,x,48059,0,0,0,0,0,x,1,0,1,1,1,1,1
1047,0,0,0,x,0,1,1,x,48059,0,0,1024,0,0,x,1,0,0,1,0,1,1
1049,0,0,0,x,0,1,1,x,48059,0,0,0,0,0,x,1,0,1,1,1,1,1
1051,0,0,0,x,0,1,1,x,48059,0,0,0,0,0,x,1,0,0,0,1,1,1
1053,0,0,0,x,0,1,1,x,48059,0,0,0,0,0,x,1,0,1,1,1,1,1
1055,0,0,0,x,0,1,1,x,48059,0,0,0,0,0,x,1,0,1,1,1,1,1
1057,0,0,0,x,0,1,1,x,48059,0,0,0,0,0,x,1,0,1,1,1,1,1
1059,0,0,0,x,0,1,1,x,48059,0,0,0,0,0,x,1,0,1,1,1,1,1
1061,0,0,0,x,0,1,1,x,48059,0,0,0,0,0,x,1,0,1,1,1,1,1
1063,0,0,0,x,0,1,1,x,48059,0,0,0,0,0,x,1,0,1,1,1,1,1
1065,0,0,0,x,0,1,1,x,48059,0,0,0,0,0,x,1,0,1,1,1,1,1
1067,0,0,0,x,0,1,1,x,48059,0,0,0,0,0,x,1,0,1,1,1,1,1
1069,0,0,0,x,0,1,1,x,48059,0,0,0,0,0,x,1,0,1,1,1,1,1
1071,0,0,0,x,0,1,1,x,48059,0,0,0,0,0,x,1,0,1,1,1,1,1
1073,0,0,0,x,0,1,1,x,48059,0,0,0,0,0,x,1,0,1,1,1,1,1
1075,0,0,0,x,0,1,1,x,48059,0,0,0,0,0,x,1,0,1,1,1,1,1
1077,0,0,0,x,0,1,1,x,48059,0,0,0,0,0,x,1,0,1,1,1,1,1
1079,0,0,0,x,0,1,1,x,48059,0,0,0,0,0,x,1,0,1,1,1,1,1
1081,0,0,0,x,0,1,1,x,48059,0,0,0,0,0,x,1,0,1,1,1,1,1
1083,0,0,0,x,0,1,1,x,48059,0,0,0,0,0,x,1,0,1,1,1,1,1
1085,0,0,0,x,0,1,1,x,48059,0,0,0,0,0,x,1,0,1,1,1,1,1
1087,0,0,0,x,0,1,1,x,48059,0,0,0,0,0,x,1,0,1,1,1,1,1
1089,0,0,0,x,0,1,1,x,48059,0,0,0,0,0,x,1,0,1,1,1,1,1
1091,0,0,0,x,0,1,1,x,48059,0,0,0,0,0,x,1,0,1,1,1,1,1
1093,0,0,0,x,0,1,1,x,48059,0,0,0,0,0,x,1,0,1,1,1,1,1
1095,0,0,0,x,0,1,1,x,48059,0,0,0,0,0,x,1,0,1,1,1,1,1
1097,0,0,0,x,0,1,1,x,48059,0,0,0,0,0,x,1,0,1,1,1,1,1
1099,0,0,0,x,0,1,1,x,48059,0,0,0,0,0,x,1,0,1,1,1,1,1
1101,0,0,0,x,0,1,1,x,48059,0,0,0,0,0,x,1,0,1,1,1,1,1
1103,0,0,0,x,0,1,1,x,48059,0,0,0,0,0,x,1,0,1,1,1,1,1
1105,0,0,0,x,0,1,1,x,48059,0,0,0,0,0,x,1,0,1,1,1,1,1
1107,0,0,0,x,0,1,1,x,48059,0,0,0,0,0,x,1,0,1,1,1,1,1
1109,0,0,0,x,0,1,1,x,48059,0,0,0,0,0,x,1,0,1,1,1,1,1
1111,0,0,0,x,0,1,1,x,48059,0,0,0,0,0,x,1,0,1,1,1,1,1
1113,0,0,0,x,0,1,1,x,48059,0,0,0,0,0,x,1,0,1,1,1,1,1
1115,0,0,0,x,0,1,1,x,48059,0,0,0,0,0,x,1,0,1,1,1,1,1
1117,0,0,0,x,0,1,1,x,48059,0,0,0,0,0,x,1,0,1,1,1,1,1
1119,0,0,0,x,0,1,1,x,48059,0,0,0,0,0,x,1,0,1,1,1,1,1
1121,0,0,0,x,0,1,1,x,48059,0,0,0,0,0,x,1,0,1,1,1,1,1
1123,0,0,0,x,0,1,1,x,48059,0,0,0,0,0,x,1,0,1,1,1,1,1
1125,0,0,0,x,0,1,1,x,48059,0,0,0,0,0,x,1,0,1,1,1,1,1
1127,0,0,0,x,0,1,1,x,48059,0,0,0,0,0,x,1,0,1,1,1,1,1
1129,0,0,0,x,0,1,1,x,48059,0,0,0,0,0,x,1,0,1,1,1,1,1
1131,0,0,0,x,0,1,1,x,48059,0,0,0,0,0,x,1,0,1,1,1,1,1
1133,0,0,0,x,0,1,1,x,48059,0,0,0,0,0,x,1,0,1,1,1,1,1
1135,0,0,0,x,0,1,1,x,48059,0,0,0,0,0,x,1,0,1,1,1,1,1
1137,0,0,0,x,0,1,1,x,48059,0,0,0,0,0,x,1,0,1,1,1,1,1
1139,0,0,0,x,0,1,1,x,48059,0,0,0,0,0,x,1,0,1,1,1,1,1
1141,0,0,0,x,0,1,1,x,48059,0,0,0,0,0,x,1,0,1,1,1,1,1
1143,0,0,0,x,0,1,1,x,48059,0,0,0,0,0,x,1,0,1,1,1,1,1
1145,0,0,0,x,0,1,1,x,48059,0,0,0,0,0,x,1,0,1,1,1,1,1
1147,0,0,0,x,0,1,1,x,48059,0,0,0,0,0,x,1,0,1,1,1,1,1
1149,0,0,0,x,0,1,1,x,48059,0,0,0,0,0,x,1,0,1,1,1,1,1
1151,0,0,0,x,0,1,1,x,48059,0,0,0,0,0,x,1,0,1,1,1,1,1
1153,0,0,0,x,0,1,1,x,48059,0,0,0,0,0,x,1,0,1,1,1,1,1
1155,0,0,0,x,0,1,1,x,48059,0,0,0,0,0,x,1,0,1,1,1,1,1
1157,0,0,0,x,0,1,1,x,48059,0,0,0,0,0,x,1,0,1,1,1,1,1
1159,0,0,0,x,0,1,1,x,48059,0,0,0,0,0,x,1,0,1,1,1,1,1
1161,0,0,0,x,0,1,1,x,48059,0,0,0,0,0,x,1,0,1,1,1,1,1
1163,0,0,0,x,0,1,1,x,48059,0,0,0,0,0,x,1,0,1,1,1,1,1
1165,0,0,0,x,0,1,1,x,48059,0,0,0,0,0,x,1,0,1,1,1,1,1
1167,0,0,0,x,0,1,1,x,48059,0,0,0,0,0,x,1,0,1,1,1,1,1
1169,0,0,0,x,0,1,1,x,48059,0,0,0,0,0,x,1,0,1,1,1,1,1
1171,0,0,0,x,0,1,1,x,48059,0,0,0,0,0,x,1,0,1,1,1,1,1
1173,0,0,0,x,0,1,1,x,48059,0,0,0,0,0,x,1,0,1,1,1,1,1
1175,0,0,0,x,0,1,1,x,48059,0,0,0,0,0,x,1,0,1,1,1,1,1
1177,0,0,0,x,0,1,1,x,48059,0,0,0,0,0,x,1,0,1,1,1,1,1
1179,0,0,0,x,0,1,1,x,48059,0,0,0,0,0,x,1,0,1,1,1,1,1
1181,0,0,0,x,0,1,1,x,48059,0,0,0,0,0,x,1,0,1,1,1,1,1
1183,0,0,0,x,0,1,1,x,48059,0,0,0,0,0,x,1,0,1,1,1,1,1
1185,0,0,0,x,0,1,1,x,48059,0,0,0,0,0,x,1,0,1,1,1,1,1
1187,0,0,0,x,0,1,1,x,48059,0,0,0,0,0,x,1,0,1,1,1,1,1
1189,0,0,0,x,0,1,1,x,48059,0,0,0,0,0,x,1,0,1,1,1,1,1
1191,0,0,0,x,0,1,1,x,48059,0,0,0,0,0,x,1,0,1,1,1,1,1
1193,0,0,0,x,0,1,1,x,48059,0,0,0,0,0,x,1,0,1,1,1,1,1
1195,0,0,0,x,0,1,1,x,48059,0,0,0,0,0,x,1,0,1,1,1,1,1
1197,0,0,0,x,0,1,1,x,48059,0,0,0,0,0,x,1,0,1,1,1,1,1
1199,0,0,0,x,0,1,1,x,48059,0,0,0,0,0,x,1,0,1,1,1,1,1
1201,0,0,0,x,0,1,1,x,48059,0,0,0,0,0,x,1,0,1,1,1,1,1
1203,0,0,0,x,0,1,1,x,48059,0,0,0,0,0,x,1,0,1,1,1,1,1
1205,0,0,0,x,0,1,1,x,48059,0,0,0,0,0,x,1,0,1,1,1,1,1
1207,0,0,0,x,0,1,1,x,48059,0,0,0,0,0,x,1,0,1,1,1,1,1
1209,0,0,0,x,0,1,1,x,48059,0,0,0,0,0,x,1,0,1,1,1,1,1
1211,0,0,0,x,0,1,1,x,48059,0,0,0,0,0,x,1,0,1,1,1,1,1
1213,0,0,0,x,0,1,1,x,48059,0,0,0,0,0,x,1,0,1,1,1,1,1
1215,0,0,0,x,0,1,1,x,48059,0,0,0,0,0,x,1,0,1,1,1,1,1
1217,0,0,0,x,0,1,1,x,48059,0,0,0,0,0,x,1,0,1,1,1,1,1
1219,0,0,0,x,0,1,1,x,48059,0,0,0,0,0,x,1,0,1,1,1,1,1
1221,0,0,0,x,0,1,1,x,48059,0,0,0,0,0,x,1,0,1,1,1,1,1
1223,0,0,0,x,0,1,1,x,48059,0,0,0,0,0,x,1,0,1,1,1,1,1
1225,0,0,0,x,0,1,1,x,48059,0,0,0,0,0,x,1,0,1,1,1,1,1
1227,0,0,0,x,0,1,1,x,48059,0,0,0,0,0,x,1,0,1,1,1,1,1
1229,0,0,0,x,0,1,1,x,48059,0,0,0,0,0,x,1,0,1,1,1,1,1
1231,0,0,0,x,0,1,1,x,48059,0,0,0,0,0,x,1,0,1,1,1,1,1
1233,0,0,0,x,0,1,1,x,48059,0,0,0,0,0,x,1,0,1,1,1,1,1
1235,0,0,0,x,0,1,1,x,48059,0,0,0,0,0,x,1,0,1,1,1,1,1
1237,0,0,0,x,0,1,1,x,48059,0,0,0,0,0,x,1,0,1,1,1,1,1
1239,0,0,0,x,0,1,1,x,48059,0,0,0,0,0,x,1,0,1,1,1,1,1
1241,0,0,0,x,0,1,1,x,48059,0,0,0,0,0,x,1,0,1,1,1,1,1
1243,0,0,0,x,0,1,1,x,48059,0,0,0,0,0,x,1,0,1,1,1,1,1
1245,0,0,0,x,0,1,1,x,48059,0,0,0,0,0,x,1,0,1,1,1,1,1
1247,0,0,0,x,0,1,1,x,48059,0,0,0,0,0,x,1,0,1,1,1,1,1
1249,0,0,0,x,0,1,1,x,48059,0,0,0,0,0,x,1,0,1,1,1,1,1
1251,0,0,0,x,0,1,1,x,48059,0,0,0,0,0,x,1,0,1,1,1,1,1
1253,0,0,0,x,0,1,1,x,48059,0,0,0,0,0,x,1,0,1,1,1,1,1
1255,0,0,0,x,0,1,1,x,48059,0,0,0,0,0,x,1,0,1,1,1,1,1
1257,0,0,0,x,0,1,1,x,48059,0,0,0,0,0,x,1,0,1,1,1,1,1
1259,0,0,0,x,0,1,1,x,48059,0,0,0,0,0,x,1,0,1,1,1,1,1
1261,0,0,0,x,0,1,1,x,48059,0,0,0,0,0,x,1,0,1,1,1,1,1
1263,0,0,0,x,0,1,1,x,48059,0,0,0,0,0,x,1,0,1,1,1,1,1
1265,0,0,0,x,0,1,1,x,48059,0,0,0,0,0,x,1,0,1,1,1,1,1
1267,0,0,0,x,0,1,1,x,48059,0,0,0,0,0,x,1,0,1,1,1,1,1
1269,0,0,0,x,0,1,1,x,48059,0,0,0,0,0,x,1,0,1,1,1,1,1
1271,0,0,0,x,0,1,1,x,48059,0,0,0,0,0,x,1,0,1,1,1,1,1
1273,0,0,0,x,0,1,1,x,48059,0,0,0,0,0,x,1,0,1,1,1,1,1